timestamp,active_players,queue_size,login_rate,chat_rate,cpu_load
2024-01-01 00:00:00,94,28,0,85,14.82
2024-01-01 00:00:30,103,34,6,56,15.82
2024-01-01 00:01:00,87,18,4,75,17.69
2024-01-01 00:01:30,112,30,9,92,13.88
2024-01-01 00:02:00,103,37,8,50,13.47
2024-01-01 00:02:30,93,21,6,84,20.14
2024-01-01 00:03:00,95,35,3,120,16.18
2024-01-01 00:03:30,101,39,3,78,16.93
2024-01-01 00:04:00,97,27,7,97,15.92
2024-01-01 00:04:30,96,33,5,117,14.62
2024-01-01 00:05:00,97,35,4,101,16.22
2024-01-01 00:05:30,99,28,0,94,19.56
2024-01-01 00:06:00,85,27,7,53,18.65
2024-01-01 00:06:30,101,28,5,58,18.57
2024-01-01 00:07:00,96,22,7,84,18.65
2024-01-01 00:07:30,92,29,2,92,17.96
2024-01-01 00:08:00,116,36,6,101,15.03
2024-01-01 00:08:30,100,26,1,102,17.7
2024-01-01 00:09:00,102,35,0,78,16.42
2024-01-01 00:09:30,104,31,1,117,18.31
2024-01-01 00:10:00,93,33,5,78,14.59
2024-01-01 00:10:30,97,38,4,77,19.48
2024-01-01 00:11:00,108,24,6,58,15.3
2024-01-01 00:11:30,95,24,5,78,16.93
2024-01-01 00:12:00,106,34,4,59,16.19
2024-01-01 00:12:30,103,31,9,120,15.0
2024-01-01 00:13:00,96,23,6,81,12.81
2024-01-01 00:13:30,93,28,2,79,17.8
2024-01-01 00:14:00,108,30,4,55,15.49
2024-01-01 00:14:30,111,28,8,93,16.57
2024-01-01 00:15:00,100,34,2,89,17.15
2024-01-01 00:15:30,101,24,3,65,16.0
2024-01-01 00:16:00,99,21,8,84,15.03
2024-01-01 00:16:30,108,39,3,71,14.34
2024-01-01 00:17:00,96,28,2,65,19.2
2024-01-01 00:17:30,106,36,8,65,13.51
2024-01-01 00:18:00,98,30,1,72,20.32
2024-01-01 00:18:30,102,31,5,108,17.35
2024-01-01 00:19:00,97,29,2,107,14.24
2024-01-01 00:19:30,79,18,4,75,17.28
2024-01-01 00:20:00,104,34,0,99,14.21
2024-01-01 00:20:30,94,31,7,103,15.02
2024-01-01 00:21:00,94,27,4,138,18.1
2024-01-01 00:21:30,127,35,9,84,12.81
2024-01-01 00:22:00,91,27,1,59,17.8
2024-01-01 00:22:30,104,32,3,84,17.03
2024-01-01 00:23:00,88,31,3,85,19.12
2024-01-01 00:23:30,87,20,1,58,14.51
2024-01-01 00:24:00,115,36,2,94,14.72
2024-01-01 00:24:30,110,37,4,78,17.67
2024-01-01 00:25:00,96,18,4,55,17.18
2024-01-01 00:25:30,109,38,9,65,15.85
2024-01-01 00:26:00,90,24,5,88,16.89
2024-01-01 00:26:30,103,37,5,105,15.79
2024-01-01 00:27:00,97,32,7,60,18.04
2024-01-01 00:27:30,88,20,4,73,18.05
2024-01-01 00:28:00,101,28,3,93,18.14
2024-01-01 00:28:30,103,24,4,108,14.93
2024-01-01 00:29:00,109,42,6,98,16.52
2024-01-01 00:29:30,85,22,7,47,12.68
2024-01-01 00:30:00,93,23,5,37,14.83
2024-01-01 00:30:30,112,46,4,92,15.6
2024-01-01 00:31:00,102,24,5,105,17.76
2024-01-01 00:31:30,100,39,3,75,22.36
2024-01-01 00:32:00,111,26,4,78,16.0
2024-01-01 00:32:30,92,27,2,43,18.29
2024-01-01 00:33:00,96,37,6,104,13.52
2024-01-01 00:33:30,94,28,4,75,12.74
2024-01-01 00:34:00,107,35,2,74,16.87
2024-01-01 00:34:30,98,30,2,77,18.43
2024-01-01 00:35:00,98,35,3,76,16.15
2024-01-01 00:35:30,99,32,4,80,15.05
2024-01-01 00:36:00,100,22,5,122,14.2
2024-01-01 00:36:30,99,27,7,102,19.57
2024-01-01 00:37:00,115,44,6,96,14.85
2024-01-01 00:37:30,99,28,5,57,17.25
2024-01-01 00:38:00,88,25,5,56,16.66
2024-01-01 00:38:30,100,30,6,95,17.08
2024-01-01 00:39:00,104,25,6,96,18.09
2024-01-01 00:39:30,125,30,7,118,14.44
2024-01-01 00:40:00,102,33,5,57,16.08
2024-01-01 00:40:30,80,22,0,91,18.97
2024-01-01 00:41:00,98,33,5,64,20.27
2024-01-01 00:41:30,103,30,3,82,15.79
2024-01-01 00:42:00,106,33,5,119,20.71
2024-01-01 00:42:30,88,15,6,84,14.32
2024-01-01 00:43:00,98,25,8,47,15.74
2024-01-01 00:43:30,85,29,5,78,16.63
2024-01-01 00:44:00,112,29,9,85,18.36
2024-01-01 00:44:30,98,21,3,67,16.99
2024-01-01 00:45:00,103,27,7,86,18.37
2024-01-01 00:45:30,93,24,7,83,14.94
2024-01-01 00:46:00,82,23,7,36,15.39
2024-01-01 00:46:30,109,29,5,65,19.26
2024-01-01 00:47:00,106,33,4,89,17.24
2024-01-01 00:47:30,112,29,8,94,14.13
2024-01-01 00:48:00,95,29,4,85,14.21
2024-01-01 00:48:30,107,33,8,113,14.44
2024-01-01 00:49:00,110,32,8,112,17.7
2024-01-01 00:49:30,105,22,4,86,22.83
2024-01-01 00:50:00,96,27,2,67,18.96
2024-01-01 00:50:30,106,35,5,81,14.81
2024-01-01 00:51:00,100,23,6,80,15.79
2024-01-01 00:51:30,101,33,4,54,13.08
2024-01-01 00:52:00,103,27,2,94,23.2
2024-01-01 00:52:30,103,29,3,69,13.5
2024-01-01 00:53:00,113,34,3,76,17.07
2024-01-01 00:53:30,104,26,8,66,17.98
2024-01-01 00:54:00,103,38,4,62,19.16
2024-01-01 00:54:30,89,20,4,49,17.21
2024-01-01 00:55:00,109,31,6,102,15.82
2024-01-01 00:55:30,101,40,5,90,14.96
2024-01-01 00:56:00,93,32,1,93,13.93
2024-01-01 00:56:30,98,31,6,83,17.63
2024-01-01 00:57:00,98,28,3,68,16.33
2024-01-01 00:57:30,104,34,4,78,18.57
2024-01-01 00:58:00,104,27,-1,84,16.9
2024-01-01 00:58:30,101,28,3,91,18.93
2024-01-01 00:59:00,116,44,3,60,14.81
2024-01-01 00:59:30,95,31,5,67,18.95
2024-01-01 01:00:00,130,45,8,79,13.75
2024-01-01 01:00:30,102,33,2,83,19.67
2024-01-01 01:01:00,96,30,3,64,16.61
2024-01-01 01:01:30,125,37,7,102,15.84
2024-01-01 01:02:00,102,26,4,93,19.93
2024-01-01 01:02:30,115,32,8,105,18.79
2024-01-01 01:03:00,108,37,9,39,20.39
2024-01-01 01:03:30,116,33,5,91,14.65
2024-01-01 01:04:00,99,33,6,69,17.48
2024-01-01 01:04:30,118,34,6,131,12.73
2024-01-01 01:05:00,131,35,7,102,18.31
2024-01-01 01:05:30,104,28,3,82,13.43
2024-01-01 01:06:00,118,30,5,104,16.38
2024-01-01 01:06:30,122,35,6,83,17.1
2024-01-01 01:07:00,116,42,7,100,17.3
2024-01-01 01:07:30,125,28,11,90,18.79
2024-01-01 01:08:00,137,35,6,92,18.86
2024-01-01 01:08:30,130,37,3,86,20.46
2024-01-01 01:09:00,111,37,3,87,20.46
2024-01-01 01:09:30,113,25,8,117,15.38
2024-01-01 01:10:00,119,36,4,74,18.45
2024-01-01 01:10:30,102,32,0,129,18.82
2024-01-01 01:11:00,117,38,4,99,13.95
2024-01-01 01:11:30,107,33,5,119,22.37
2024-01-01 01:12:00,126,40,6,114,14.99
2024-01-01 01:12:30,121,32,9,82,18.85
2024-01-01 01:13:00,122,37,7,99,17.18
2024-01-01 01:13:30,112,25,6,102,18.65
2024-01-01 01:14:00,123,43,7,115,16.8
2024-01-01 01:14:30,107,30,6,74,18.51
2024-01-01 01:15:00,103,35,7,101,25.12
2024-01-01 01:15:30,137,45,10,100,20.04
2024-01-01 01:16:00,115,25,5,109,18.75
2024-01-01 01:16:30,125,28,5,74,21.98
2024-01-01 01:17:00,131,36,5,78,19.18
2024-01-01 01:17:30,113,30,5,48,23.91
2024-01-01 01:18:00,114,31,7,102,25.97
2024-01-01 01:18:30,113,36,6,92,21.89
2024-01-01 01:19:00,137,43,6,83,20.67
2024-01-01 01:19:30,120,36,6,78,17.21
2024-01-01 01:20:00,129,32,6,72,17.05
2024-01-01 01:20:30,90,26,3,49,17.68
2024-01-01 01:21:00,126,33,4,99,18.4
2024-01-01 01:21:30,130,36,8,80,17.6
2024-01-01 01:22:00,115,27,8,113,22.27
2024-01-01 01:22:30,123,35,9,109,16.99
2024-01-01 01:23:00,114,31,5,114,19.55
2024-01-01 01:23:30,132,35,8,94,20.23
2024-01-01 01:24:00,108,34,3,101,22.7
2024-01-01 01:24:30,119,26,11,101,17.92
2024-01-01 01:25:00,107,35,5,72,17.8
2024-01-01 01:25:30,115,32,6,83,23.87
2024-01-01 01:26:00,110,30,4,87,21.1
2024-01-01 01:26:30,116,34,5,103,25.29
2024-01-01 01:27:00,137,53,8,110,22.71
2024-01-01 01:27:30,127,40,4,117,16.24
2024-01-01 01:28:00,125,34,8,85,16.9
2024-01-01 01:28:30,126,43,4,102,18.74
2024-01-01 01:29:00,132,39,5,107,24.09
2024-01-01 01:29:30,127,39,5,67,20.41
2024-01-01 01:30:00,106,31,3,81,19.27
2024-01-01 01:30:30,109,41,5,71,13.31
2024-01-01 01:31:00,124,30,5,104,17.72
2024-01-01 01:31:30,124,35,9,83,24.02
2024-01-01 01:32:00,117,28,5,104,19.47
2024-01-01 01:32:30,133,36,7,84,22.4
2024-01-01 01:33:00,104,24,0,67,15.47
2024-01-01 01:33:30,130,40,7,90,24.85
2024-01-01 01:34:00,117,31,5,112,16.94
2024-01-01 01:34:30,125,43,8,92,22.74
2024-01-01 01:35:00,131,37,8,101,15.03
2024-01-01 01:35:30,128,36,6,112,19.18
2024-01-01 01:36:00,118,38,5,91,17.76
2024-01-01 01:36:30,115,24,3,72,18.86
2024-01-01 01:37:00,115,33,5,102,21.43
2024-01-01 01:37:30,124,38,3,55,24.23
2024-01-01 01:38:00,120,28,6,103,18.72
2024-01-01 01:38:30,117,37,5,84,19.83
2024-01-01 01:39:00,123,38,8,68,26.93
2024-01-01 01:39:30,135,41,7,112,23.31
2024-01-01 01:40:00,112,40,6,72,20.79
2024-01-01 01:40:30,126,38,3,86,14.64
2024-01-01 01:41:00,111,40,7,100,24.13
2024-01-01 01:41:30,123,29,5,116,24.01
2024-01-01 01:42:00,123,32,2,102,17.73
2024-01-01 01:42:30,135,33,8,113,20.64
2024-01-01 01:43:00,125,48,8,115,17.61
2024-01-01 01:43:30,122,38,3,102,23.65
2024-01-01 01:44:00,134,47,7,102,20.14
2024-01-01 01:44:30,126,34,5,83,20.75
2024-01-01 01:45:00,114,27,7,82,23.65
2024-01-01 01:45:30,118,40,4,77,21.04
2024-01-01 01:46:00,126,37,5,90,21.78
2024-01-01 01:46:30,122,40,8,57,15.64
2024-01-01 01:47:00,127,31,7,76,20.03
2024-01-01 01:47:30,109,38,0,112,18.82
2024-01-01 01:48:00,123,32,6,74,19.82
2024-01-01 01:48:30,116,36,2,91,19.78
2024-01-01 01:49:00,115,30,5,121,22.43
2024-01-01 01:49:30,136,40,5,111,25.7
2024-01-01 01:50:00,122,30,5,99,17.01
2024-01-01 01:50:30,107,26,4,113,20.61
2024-01-01 01:51:00,124,31,7,111,13.58
2024-01-01 01:51:30,118,37,3,109,21.78
2024-01-01 01:52:00,120,36,8,82,14.87
2024-01-01 01:52:30,121,36,4,93,23.18
2024-01-01 01:53:00,134,33,7,107,18.45
2024-01-01 01:53:30,119,25,7,107,20.75
2024-01-01 01:54:00,111,34,4,83,20.75
2024-01-01 01:54:30,127,28,5,148,24.41
2024-01-01 01:55:00,127,42,4,85,21.13
2024-01-01 01:55:30,111,30,5,103,21.8
2024-01-01 01:56:00,125,37,7,88,23.11
2024-01-01 01:56:30,125,36,3,79,19.29
2024-01-01 01:57:00,125,37,9,105,22.75
2024-01-01 01:57:30,115,35,4,103,18.35
2024-01-01 01:58:00,117,41,4,102,19.05
2024-01-01 01:58:30,116,35,4,76,19.05
2024-01-01 01:59:00,117,30,9,95,22.98
2024-01-01 01:59:30,99,35,5,114,23.14
2024-01-01 02:00:00,109,35,5,92,23.33
2024-01-01 02:00:30,139,45,4,103,16.52
2024-01-01 02:01:00,141,37,6,92,19.05
2024-01-01 02:01:30,162,47,5,137,18.86
2024-01-01 02:02:00,152,40,8,100,20.81
2024-01-01 02:02:30,151,48,6,133,18.4
2024-01-01 02:03:00,139,46,9,105,20.53
2024-01-01 02:03:30,150,41,8,114,19.78
2024-01-01 02:04:00,145,44,7,107,18.42
2024-01-01 02:04:30,142,46,6,111,20.25
2024-01-01 02:05:00,142,38,9,152,21.48
2024-01-01 02:05:30,143,33,12,83,20.43
2024-01-01 02:06:00,122,38,7,94,22.59
2024-01-01 02:06:30,138,46,4,158,23.92
2024-01-01 02:07:00,142,43,7,99,23.97
2024-01-01 02:07:30,150,49,7,124,19.44
2024-01-01 02:08:00,143,30,2,88,24.31
2024-01-01 02:08:30,124,34,7,86,20.14
2024-01-01 02:09:00,137,45,8,70,15.95
2024-01-01 02:09:30,128,37,5,107,14.16
2024-01-01 02:10:00,132,45,4,92,20.81
2024-01-01 02:10:30,147,36,4,160,23.13
2024-01-01 02:11:00,146,55,9,90,22.68
2024-01-01 02:11:30,156,42,4,113,23.77
2024-01-01 02:12:00,154,44,10,105,22.4
2024-01-01 02:12:30,132,47,7,111,26.05
2024-01-01 02:13:00,157,54,6,145,23.46
2024-01-01 02:13:30,115,26,3,83,24.0
2024-01-01 02:14:00,132,29,6,147,24.06
2024-01-01 02:14:30,141,41,5,116,22.79
2024-01-01 02:15:00,154,49,7,120,21.48
2024-01-01 02:15:30,139,40,6,140,22.35
2024-01-01 02:16:00,133,41,9,104,23.16
2024-01-01 02:16:30,134,47,10,92,26.3
2024-01-01 02:17:00,165,50,7,133,24.54
2024-01-01 02:17:30,139,43,6,150,23.31
2024-01-01 02:18:00,161,48,7,100,23.98
2024-01-01 02:18:30,134,46,2,114,22.34
2024-01-01 02:19:00,132,36,5,135,26.72
2024-01-01 02:19:30,139,45,4,130,21.56
2024-01-01 02:20:00,159,47,11,130,25.89
2024-01-01 02:20:30,143,46,5,97,23.74
2024-01-01 02:21:00,155,48,6,124,23.22
2024-01-01 02:21:30,125,38,6,115,26.71
2024-01-01 02:22:00,128,35,8,53,27.77
2024-01-01 02:22:30,140,45,3,110,21.44
2024-01-01 02:23:00,146,45,9,106,28.62
2024-01-01 02:23:30,154,46,0,104,18.79
2024-01-01 02:24:00,129,37,11,99,25.52
2024-01-01 02:24:30,151,45,12,125,22.51
2024-01-01 02:25:00,142,40,6,97,23.95
2024-01-01 02:25:30,141,47,7,91,21.33
2024-01-01 02:26:00,153,50,12,108,23.34
2024-01-01 02:26:30,149,44,6,124,23.31
2024-01-01 02:27:00,134,39,7,129,25.21
2024-01-01 02:27:30,116,42,4,130,17.51
2024-01-01 02:28:00,151,45,8,103,30.89
2024-01-01 02:28:30,135,36,4,88,22.86
2024-01-01 02:29:00,135,38,7,95,25.07
2024-01-01 02:29:30,136,46,5,61,23.56
2024-01-01 02:30:00,150,41,6,112,25.2
2024-01-01 02:30:30,145,39,5,113,25.07
2024-01-01 02:31:00,138,42,7,84,24.26
2024-01-01 02:31:30,144,50,3,125,19.89
2024-01-01 02:32:00,131,38,7,88,26.33
2024-01-01 02:32:30,127,48,7,64,22.67
2024-01-01 02:33:00,150,50,9,125,22.71
2024-01-01 02:33:30,133,39,7,124,23.12
2024-01-01 02:34:00,119,34,5,87,21.33
2024-01-01 02:34:30,132,36,6,90,23.13
2024-01-01 02:35:00,127,33,4,94,27.92
2024-01-01 02:35:30,149,48,7,151,22.92
2024-01-01 02:36:00,126,39,7,106,27.97
2024-01-01 02:36:30,125,32,7,90,25.57
2024-01-01 02:37:00,132,40,5,117,21.26
2024-01-01 02:37:30,148,42,9,95,19.11
2024-01-01 02:38:00,140,51,5,116,23.95
2024-01-01 02:38:30,133,48,6,71,23.83
2024-01-01 02:39:00,155,48,8,115,21.58
2024-01-01 02:39:30,133,41,8,102,22.35
2024-01-01 02:40:00,138,40,5,123,24.0
2024-01-01 02:40:30,144,50,5,82,24.56
2024-01-01 02:41:00,141,43,7,92,21.75
2024-01-01 02:41:30,158,49,8,106,22.64
2024-01-01 02:42:00,150,35,8,137,25.03
2024-01-01 02:42:30,144,46,8,125,21.52
2024-01-01 02:43:00,140,35,7,81,28.59
2024-01-01 02:43:30,136,41,5,116,23.61
2024-01-01 02:44:00,146,39,7,186,23.2
2024-01-01 02:44:30,159,52,8,161,21.73
2024-01-01 02:45:00,144,48,7,105,19.65
2024-01-01 02:45:30,144,51,5,95,22.25
2024-01-01 02:46:00,155,48,6,100,18.96
2024-01-01 02:46:30,123,37,8,103,21.11
2024-01-01 02:47:00,144,54,6,119,24.09
2024-01-01 02:47:30,130,28,10,109,24.65
2024-01-01 02:48:00,129,40,6,99,21.4
2024-01-01 02:48:30,139,39,7,133,22.35
2024-01-01 02:49:00,131,41,9,96,24.64
2024-01-01 02:49:30,145,35,6,96,20.34
2024-01-01 02:50:00,141,41,7,97,24.19
2024-01-01 02:50:30,148,38,9,121,25.18
2024-01-01 02:51:00,128,36,4,98,25.94
2024-01-01 02:51:30,139,26,6,106,24.74
2024-01-01 02:52:00,127,40,8,121,24.63
2024-01-01 02:52:30,135,42,8,132,27.05
2024-01-01 02:53:00,156,42,6,151,17.6
2024-01-01 02:53:30,147,47,6,149,21.34
2024-01-01 02:54:00,136,36,9,110,22.82
2024-01-01 02:54:30,135,36,4,113,24.35
2024-01-01 02:55:00,140,44,8,86,21.92
2024-01-01 02:55:30,144,51,8,107,21.54
2024-01-01 02:56:00,130,39,5,112,26.3
2024-01-01 02:56:30,148,50,5,85,18.91
2024-01-01 02:57:00,137,45,10,99,23.03
2024-01-01 02:57:30,141,44,6,144,19.95
2024-01-01 02:58:00,149,41,10,104,23.65
2024-01-01 02:58:30,141,45,6,134,23.11
2024-01-01 02:59:00,130,39,6,100,19.98
2024-01-01 02:59:30,150,37,4,111,23.34
2024-01-01 03:00:00,157,44,13,121,21.99
2024-01-01 03:00:30,158,47,7,89,24.42
2024-01-01 03:01:00,169,48,8,148,20.17
2024-01-01 03:01:30,169,46,9,144,21.79
2024-01-01 03:02:00,150,45,7,114,22.05
2024-01-01 03:02:30,166,53,6,160,21.69
2024-01-01 03:03:00,155,45,9,145,24.03
2024-01-01 03:03:30,151,48,12,117,23.3
2024-01-01 03:04:00,161,39,11,125,24.0
2024-01-01 03:04:30,163,53,4,163,22.9
2024-01-01 03:05:00,151,49,10,132,23.62
2024-01-01 03:05:30,155,52,11,142,22.97
2024-01-01 03:06:00,154,47,8,122,22.7
2024-01-01 03:06:30,155,36,5,148,25.61
2024-01-01 03:07:00,158,52,11,127,22.87
2024-01-01 03:07:30,150,49,7,112,20.96
2024-01-01 03:08:00,153,36,6,148,24.98
2024-01-01 03:08:30,148,47,10,94,26.06
2024-01-01 03:09:00,167,44,8,117,22.04
2024-01-01 03:09:30,159,40,9,125,25.05
2024-01-01 03:10:00,162,53,7,124,23.79
2024-01-01 03:10:30,138,42,7,119,27.52
2024-01-01 03:11:00,147,53,7,139,27.71
2024-01-01 03:11:30,155,53,9,133,27.1
2024-01-01 03:12:00,163,45,10,114,26.51
2024-01-01 03:12:30,146,42,7,98,25.73
2024-01-01 03:13:00,177,51,8,159,25.47
2024-01-01 03:13:30,157,39,11,143,23.37
2024-01-01 03:14:00,156,42,8,139,25.09
2024-01-01 03:14:30,148,30,8,106,28.98
2024-01-01 03:15:00,155,48,6,143,22.14
2024-01-01 03:15:30,159,45,8,115,25.58
2024-01-01 03:16:00,173,39,6,169,24.35
2024-01-01 03:16:30,130,36,7,87,28.76
2024-01-01 03:17:00,151,32,8,139,28.44
2024-01-01 03:17:30,146,57,11,115,21.48
2024-01-01 03:18:00,154,42,8,139,27.74
2024-01-01 03:18:30,157,47,7,125,25.95
2024-01-01 03:19:00,158,48,7,105,25.9
2024-01-01 03:19:30,164,58,11,130,27.02
2024-01-01 03:20:00,158,46,7,123,26.9
2024-01-01 03:20:30,160,47,9,150,21.62
2024-01-01 03:21:00,142,38,7,124,23.6
2024-01-01 03:21:30,159,39,6,141,26.18
2024-01-01 03:22:00,153,48,10,122,28.88
2024-01-01 03:22:30,162,53,8,123,24.64
2024-01-01 03:23:00,158,41,7,148,29.06
2024-01-01 03:23:30,145,40,4,96,27.31
2024-01-01 03:24:00,147,38,6,130,25.05
2024-01-01 03:24:30,143,44,8,113,28.23
2024-01-01 03:25:00,142,40,12,97,25.73
2024-01-01 03:25:30,153,47,6,136,26.56
2024-01-01 03:26:00,148,46,5,112,29.38
2024-01-01 03:26:30,156,38,9,147,18.52
2024-01-01 03:27:00,155,38,7,112,27.14
2024-01-01 03:27:30,162,46,10,149,28.59
2024-01-01 03:28:00,160,51,7,121,24.44
2024-01-01 03:28:30,141,38,7,107,27.09
2024-01-01 03:29:00,141,43,9,132,29.99
2024-01-01 03:29:30,155,51,7,126,26.17
2024-01-01 03:30:00,157,49,9,124,27.47
2024-01-01 03:30:30,159,50,10,123,30.38
2024-01-01 03:31:00,150,49,6,134,26.61
2024-01-01 03:31:30,147,45,5,148,26.65
2024-01-01 03:32:00,154,41,6,110,24.73
2024-01-01 03:32:30,140,51,5,110,29.04
2024-01-01 03:33:00,161,46,9,141,30.46
2024-01-01 03:33:30,151,49,5,107,24.31
2024-01-01 03:34:00,162,47,4,142,23.69
2024-01-01 03:34:30,151,43,8,103,24.0
2024-01-01 03:35:00,162,46,9,169,25.06
2024-01-01 03:35:30,157,43,10,127,28.67
2024-01-01 03:36:00,153,38,7,144,25.32
2024-01-01 03:36:30,156,36,5,118,25.28
2024-01-01 03:37:00,164,46,10,115,24.91
2024-01-01 03:37:30,144,33,7,115,26.83
2024-01-01 03:38:00,147,44,3,129,25.93
2024-01-01 03:38:30,157,48,7,119,23.56
2024-01-01 03:39:00,167,52,9,117,22.31
2024-01-01 03:39:30,166,49,8,117,24.56
2024-01-01 03:40:00,145,49,4,149,26.72
2024-01-01 03:40:30,164,42,5,118,27.15
2024-01-01 03:41:00,149,45,6,118,27.41
2024-01-01 03:41:30,169,47,6,121,22.49
2024-01-01 03:42:00,151,37,6,109,26.19
2024-01-01 03:42:30,152,45,5,131,22.92
2024-01-01 03:43:00,165,51,4,140,25.69
2024-01-01 03:43:30,163,56,7,148,23.98
2024-01-01 03:44:00,162,45,6,171,24.81
2024-01-01 03:44:30,149,48,5,151,23.65
2024-01-01 03:45:00,148,41,6,136,24.93
2024-01-01 03:45:30,149,46,5,97,24.84
2024-01-01 03:46:00,140,48,11,127,24.7
2024-01-01 03:46:30,152,48,8,123,22.7
2024-01-01 03:47:00,170,53,11,128,28.63
2024-01-01 03:47:30,152,50,9,141,24.72
2024-01-01 03:48:00,156,45,10,125,24.01
2024-01-01 03:48:30,151,48,11,146,24.48
2024-01-01 03:49:00,153,54,7,139,28.13
2024-01-01 03:49:30,155,55,8,144,29.82
2024-01-01 03:50:00,163,42,11,131,23.12
2024-01-01 03:50:30,138,39,8,94,29.75
2024-01-01 03:51:00,146,45,9,87,24.33
2024-01-01 03:51:30,158,51,9,105,24.69
2024-01-01 03:52:00,157,66,8,118,25.26
2024-01-01 03:52:30,172,46,8,125,26.58
2024-01-01 03:53:00,161,42,8,131,28.37
2024-01-01 03:53:30,157,56,8,108,24.78
2024-01-01 03:54:00,162,52,8,100,26.5
2024-01-01 03:54:30,157,49,6,101,19.31
2024-01-01 03:55:00,143,47,7,75,26.59
2024-01-01 03:55:30,141,44,7,96,25.6
2024-01-01 03:56:00,156,47,10,118,22.96
2024-01-01 03:56:30,149,47,7,96,23.45
2024-01-01 03:57:00,147,46,5,95,29.5
2024-01-01 03:57:30,160,47,8,125,25.07
2024-01-01 03:58:00,136,48,7,78,28.83
2024-01-01 03:58:30,145,43,7,118,28.47
2024-01-01 03:59:00,155,40,7,84,25.86
2024-01-01 03:59:30,145,43,7,107,26.71
2024-01-01 04:00:00,168,52,8,121,28.06
2024-01-01 04:00:30,183,60,9,133,22.99
2024-01-01 04:01:00,170,51,7,130,22.17
2024-01-01 04:01:30,172,57,6,133,26.81
2024-01-01 04:02:00,154,38,6,86,27.26
2024-01-01 04:02:30,184,57,9,141,28.07
2024-01-01 04:03:00,176,56,6,151,28.55
2024-01-01 04:03:30,174,55,8,148,26.74
2024-01-01 04:04:00,153,48,6,153,26.96
2024-01-01 04:04:30,171,49,6,147,23.69
2024-01-01 04:05:00,175,52,12,154,25.26
2024-01-01 04:05:30,172,47,6,176,24.18
2024-01-01 04:06:00,172,49,9,181,26.04
2024-01-01 04:06:30,180,54,6,156,22.23
2024-01-01 04:07:00,173,51,9,124,23.11
2024-01-01 04:07:30,169,45,11,115,27.03
2024-01-01 04:08:00,180,50,7,144,21.25
2024-01-01 04:08:30,170,57,8,135,25.16
2024-01-01 04:09:00,164,47,10,138,26.99
2024-01-01 04:09:30,168,53,7,138,24.36
2024-01-01 04:10:00,155,47,5,156,28.87
2024-01-01 04:10:30,170,58,8,192,34.53
2024-01-01 04:11:00,150,46,10,137,28.45
2024-01-01 04:11:30,174,56,8,136,31.95
2024-01-01 04:12:00,168,53,9,173,29.35
2024-01-01 04:12:30,158,39,9,122,31.89
2024-01-01 04:13:00,169,56,11,92,27.88
2024-01-01 04:13:30,173,49,11,110,29.62
2024-01-01 04:14:00,181,52,3,147,27.35
2024-01-01 04:14:30,169,53,9,124,30.36
2024-01-01 04:15:00,170,48,12,143,28.22
2024-01-01 04:15:30,177,52,11,170,28.77
2024-01-01 04:16:00,169,52,10,122,26.57
2024-01-01 04:16:30,161,57,6,93,31.53
2024-01-01 04:17:00,157,49,3,130,27.54
2024-01-01 04:17:30,155,44,8,139,29.02
2024-01-01 04:18:00,180,63,11,115,32.5
2024-01-01 04:18:30,156,49,12,121,27.58
2024-01-01 04:19:00,168,43,7,159,22.87
2024-01-01 04:19:30,165,59,9,122,28.11
2024-01-01 04:20:00,168,56,9,95,26.88
2024-01-01 04:20:30,175,53,8,175,27.53
2024-01-01 04:21:00,168,52,8,125,26.81
2024-01-01 04:21:30,162,45,9,110,31.4
2024-01-01 04:22:00,144,41,11,142,31.01
2024-01-01 04:22:30,171,49,7,146,23.16
2024-01-01 04:23:00,152,53,8,138,27.85
2024-01-01 04:23:30,160,50,8,122,27.17
2024-01-01 04:24:00,181,55,11,146,32.53
2024-01-01 04:24:30,178,45,8,128,28.88
2024-01-01 04:25:00,177,60,9,149,31.85
2024-01-01 04:25:30,180,47,11,146,31.54
2024-01-01 04:26:00,165,46,8,138,28.89
2024-01-01 04:26:30,180,47,9,137,27.67
2024-01-01 04:27:00,171,53,6,138,27.21
2024-01-01 04:27:30,167,46,10,190,23.92
2024-01-01 04:28:00,158,37,9,149,28.56
2024-01-01 04:28:30,175,52,12,112,24.57
2024-01-01 04:29:00,180,53,7,147,28.68
2024-01-01 04:29:30,178,48,10,144,23.97
2024-01-01 04:30:00,167,56,9,110,27.41
2024-01-01 04:30:30,164,46,7,142,27.52
2024-01-01 04:31:00,173,54,10,92,23.59
2024-01-01 04:31:30,157,52,11,127,25.98
2024-01-01 04:32:00,194,53,9,126,25.06
2024-01-01 04:32:30,179,57,10,112,28.54
2024-01-01 04:33:00,161,47,12,155,26.1
2024-01-01 04:33:30,172,54,10,182,23.2
2024-01-01 04:34:00,175,57,11,142,29.91
2024-01-01 04:34:30,161,45,12,114,29.82
2024-01-01 04:35:00,179,56,8,157,27.63
2024-01-01 04:35:30,166,57,6,124,31.56
2024-01-01 04:36:00,166,52,6,122,27.33
2024-01-01 04:36:30,170,57,8,148,31.65
2024-01-01 04:37:00,177,57,13,129,28.46
2024-01-01 04:37:30,164,52,5,159,28.27
2024-01-01 04:38:00,155,57,6,150,26.44
2024-01-01 04:38:30,157,39,5,118,28.74
2024-01-01 04:39:00,169,51,8,138,28.78
2024-01-01 04:39:30,163,47,9,149,31.52
2024-01-01 04:40:00,179,49,5,164,27.75
2024-01-01 04:40:30,174,53,8,162,26.61
2024-01-01 04:41:00,175,54,8,124,29.89
2024-01-01 04:41:30,178,60,8,167,28.39
2024-01-01 04:42:00,167,49,8,140,32.92
2024-01-01 04:42:30,162,36,7,120,31.51
2024-01-01 04:43:00,169,50,6,141,26.5
2024-01-01 04:43:30,162,44,12,132,31.63
2024-01-01 04:44:00,173,52,6,146,26.95
2024-01-01 04:44:30,171,52,9,131,27.55
2024-01-01 04:45:00,200,60,9,170,31.79
2024-01-01 04:45:30,166,45,9,176,27.29
2024-01-01 04:46:00,173,52,5,110,27.21
2024-01-01 04:46:30,161,46,5,143,29.68
2024-01-01 04:47:00,164,50,5,122,28.15
2024-01-01 04:47:30,177,51,6,110,28.45
2024-01-01 04:48:00,178,59,8,144,24.94
2024-01-01 04:48:30,166,51,10,116,30.36
2024-01-01 04:49:00,173,53,7,168,24.87
2024-01-01 04:49:30,176,44,9,141,27.9
2024-01-01 04:50:00,158,41,10,84,29.21
2024-01-01 04:50:30,171,51,7,144,28.25
2024-01-01 04:51:00,173,46,8,155,30.77
2024-01-01 04:51:30,184,48,8,151,31.93
2024-01-01 04:52:00,179,50,8,155,29.54
2024-01-01 04:52:30,165,42,7,134,24.15
2024-01-01 04:53:00,162,53,5,116,27.77
2024-01-01 04:53:30,155,41,2,118,25.62
2024-01-01 04:54:00,153,47,8,151,27.33
2024-01-01 04:54:30,171,45,8,122,29.61
2024-01-01 04:55:00,180,44,8,169,34.4
2024-01-01 04:55:30,161,45,8,138,27.85
2024-01-01 04:56:00,177,60,8,94,28.31
2024-01-01 04:56:30,162,47,6,112,27.84
2024-01-01 04:57:00,171,50,11,172,27.73
2024-01-01 04:57:30,171,43,11,126,29.34
2024-01-01 04:58:00,169,43,10,169,33.62
2024-01-01 04:58:30,180,49,10,124,26.66
2024-01-01 04:59:00,192,53,11,141,29.11
2024-01-01 04:59:30,162,50,7,126,28.5
2024-01-01 05:00:00,163,59,9,121,24.43
2024-01-01 05:00:30,189,56,11,131,28.09
2024-01-01 05:01:00,180,54,6,152,29.55
2024-01-01 05:01:30,165,46,7,127,28.95
2024-01-01 05:02:00,175,47,6,162,30.24
2024-01-01 05:02:30,179,48,8,150,28.75
2024-01-01 05:03:00,173,54,8,130,27.41
2024-01-01 05:03:30,162,39,9,137,20.94
2024-01-01 05:04:00,182,46,9,136,30.6
2024-01-01 05:04:30,178,53,9,146,29.22
2024-01-01 05:05:00,170,53,8,144,31.49
2024-01-01 05:05:30,182,49,9,142,28.82
2024-01-01 05:06:00,194,57,9,174,27.55
2024-01-01 05:06:30,185,55,7,142,27.3
2024-01-01 05:07:00,171,39,10,152,26.76
2024-01-01 05:07:30,174,55,10,104,30.89
2024-01-01 05:08:00,179,47,11,148,28.21
2024-01-01 05:08:30,183,59,12,171,29.7
2024-01-01 05:09:00,171,55,5,120,28.17
2024-01-01 05:09:30,171,57,10,118,29.44
2024-01-01 05:10:00,173,49,13,133,30.09
2024-01-01 05:10:30,182,55,8,167,35.43
2024-01-01 05:11:00,169,54,9,136,34.11
2024-01-01 05:11:30,168,55,7,104,27.83
2024-01-01 05:12:00,200,68,9,145,27.87
2024-01-01 05:12:30,182,50,7,159,32.48
2024-01-01 05:13:00,171,47,10,102,27.41
2024-01-01 05:13:30,183,54,7,184,28.96
2024-01-01 05:14:00,189,56,12,143,31.42
2024-01-01 05:14:30,192,55,12,157,26.19
2024-01-01 05:15:00,172,53,7,155,24.7
2024-01-01 05:15:30,172,46,7,150,31.41
2024-01-01 05:16:00,190,51,4,145,30.16
2024-01-01 05:16:30,188,54,9,167,33.21
2024-01-01 05:17:00,183,58,6,164,28.01
2024-01-01 05:17:30,181,59,8,130,32.2
2024-01-01 05:18:00,193,61,10,146,25.67
2024-01-01 05:18:30,178,56,10,163,28.86
2024-01-01 05:19:00,178,59,6,150,29.29
2024-01-01 05:19:30,193,47,9,154,25.78
2024-01-01 05:20:00,168,38,8,138,28.79
2024-01-01 05:20:30,171,54,6,154,26.67
2024-01-01 05:21:00,180,45,9,144,25.03
2024-01-01 05:21:30,168,50,10,134,31.36
2024-01-01 05:22:00,180,56,9,73,31.74
2024-01-01 05:22:30,182,60,7,162,29.39
2024-01-01 05:23:00,165,52,7,153,27.32
2024-01-01 05:23:30,182,52,10,173,29.03
2024-01-01 05:24:00,165,57,10,162,30.21
2024-01-01 05:24:30,166,51,8,148,32.77
2024-01-01 05:25:00,192,61,7,130,27.18
2024-01-01 05:25:30,175,47,12,147,26.49
2024-01-01 05:26:00,173,56,9,142,32.89
2024-01-01 05:26:30,188,54,7,110,31.02
2024-01-01 05:27:00,187,56,8,162,28.34
2024-01-01 05:27:30,173,49,7,128,28.06
2024-01-01 05:28:00,188,49,8,101,30.24
2024-01-01 05:28:30,182,53,8,126,29.14
2024-01-01 05:29:00,171,45,7,122,28.8
2024-01-01 05:29:30,178,50,10,140,31.07
2024-01-01 05:30:00,191,50,11,144,27.2
2024-01-01 05:30:30,182,57,10,169,30.2
2024-01-01 05:31:00,177,59,11,173,26.63
2024-01-01 05:31:30,170,55,9,121,27.5
2024-01-01 05:32:00,181,61,10,146,28.19
2024-01-01 05:32:30,152,44,6,144,30.52
2024-01-01 05:33:00,172,49,7,147,27.59
2024-01-01 05:33:30,198,52,9,163,30.8
2024-01-01 05:34:00,177,51,3,121,28.46
2024-01-01 05:34:30,174,54,8,142,29.73
2024-01-01 05:35:00,169,51,8,127,34.08
2024-01-01 05:35:30,177,48,7,118,26.53
2024-01-01 05:36:00,158,48,6,141,26.42
2024-01-01 05:36:30,178,52,7,133,29.45
2024-01-01 05:37:00,176,56,8,123,27.9
2024-01-01 05:37:30,188,52,11,132,28.19
2024-01-01 05:38:00,171,51,10,127,30.75
2024-01-01 05:38:30,163,52,8,138,30.51
2024-01-01 05:39:00,169,48,7,96,31.45
2024-01-01 05:39:30,182,66,5,163,29.96
2024-01-01 05:40:00,173,45,7,165,30.86
2024-01-01 05:40:30,177,54,14,142,31.32
2024-01-01 05:41:00,172,57,9,147,30.68
2024-01-01 05:41:30,164,52,11,114,27.33
2024-01-01 05:42:00,180,47,8,152,30.58
2024-01-01 05:42:30,187,55,9,182,25.69
2024-01-01 05:43:00,165,42,7,151,30.65
2024-01-01 05:43:30,180,53,11,108,32.81
2024-01-01 05:44:00,180,51,7,149,25.59
2024-01-01 05:44:30,180,51,8,120,30.41
2024-01-01 05:45:00,164,48,10,166,28.21
2024-01-01 05:45:30,180,55,10,116,30.23
2024-01-01 05:46:00,180,63,5,148,26.96
2024-01-01 05:46:30,182,62,6,174,29.93
2024-01-01 05:47:00,182,55,7,160,30.9
2024-01-01 05:47:30,166,53,10,142,28.52
2024-01-01 05:48:00,172,46,7,145,28.04
2024-01-01 05:48:30,186,49,8,145,28.11
2024-01-01 05:49:00,156,51,6,130,30.3
2024-01-01 05:49:30,180,54,9,121,29.04
2024-01-01 05:50:00,192,53,8,160,31.54
2024-01-01 05:50:30,186,58,8,140,27.36
2024-01-01 05:51:00,192,52,7,147,29.3
2024-01-01 05:51:30,177,59,7,125,24.7
2024-01-01 05:52:00,189,67,11,152,32.94
2024-01-01 05:52:30,188,53,11,166,30.09
2024-01-01 05:53:00,164,49,7,116,24.24
2024-01-01 05:53:30,168,54,9,145,32.31
2024-01-01 05:54:00,181,45,10,143,29.78
2024-01-01 05:54:30,186,47,11,181,33.19
2024-01-01 05:55:00,185,50,9,105,27.71
2024-01-01 05:55:30,170,65,11,135,30.99
2024-01-01 05:56:00,174,61,5,135,30.9
2024-01-01 05:56:30,166,50,7,167,30.68
2024-01-01 05:57:00,167,41,7,145,29.77
2024-01-01 05:57:30,191,62,9,144,24.92
2024-01-01 05:58:00,187,53,10,159,29.71
2024-01-01 05:58:30,163,54,10,112,33.68
2024-01-01 05:59:00,184,70,9,133,26.43
2024-01-01 05:59:30,166,48,9,83,33.49
2024-01-01 06:00:00,155,45,5,88,29.29
2024-01-01 06:00:30,189,62,10,121,30.13
2024-01-01 06:01:00,181,58,6,136,32.06
2024-01-01 06:01:30,164,50,10,147,34.4
2024-01-01 06:02:00,171,49,8,111,30.12
2024-01-01 06:02:30,182,56,7,109,33.95
2024-01-01 06:03:00,177,48,10,159,26.65
2024-01-01 06:03:30,175,48,7,144,26.17
2024-01-01 06:04:00,177,50,10,134,32.22
2024-01-01 06:04:30,175,58,6,140,30.04
2024-01-01 06:05:00,185,55,10,144,30.68
2024-01-01 06:05:30,189,57,9,154,28.56
2024-01-01 06:06:00,177,55,10,171,25.44
2024-01-01 06:06:30,182,47,8,112,27.98
2024-01-01 06:07:00,187,62,6,143,25.51
2024-01-01 06:07:30,188,45,4,184,30.18
2024-01-01 06:08:00,177,38,7,151,32.04
2024-01-01 06:08:30,179,59,8,150,26.02
2024-01-01 06:09:00,178,59,9,142,30.98
2024-01-01 06:09:30,181,64,11,124,26.13
2024-01-01 06:10:00,175,55,9,149,24.2
2024-01-01 06:10:30,190,61,12,108,33.04
2024-01-01 06:11:00,191,63,11,150,31.98
2024-01-01 06:11:30,187,58,5,136,24.44
2024-01-01 06:12:00,192,53,9,127,30.28
2024-01-01 06:12:30,165,46,8,126,30.03
2024-01-01 06:13:00,186,57,8,144,32.87
2024-01-01 06:13:30,180,49,8,151,27.62
2024-01-01 06:14:00,180,51,10,160,31.42
2024-01-01 06:14:30,188,60,11,146,29.9
2024-01-01 06:15:00,169,46,8,132,29.5
2024-01-01 06:15:30,164,43,6,126,32.52
2024-01-01 06:16:00,174,54,11,140,28.46
2024-01-01 06:16:30,181,53,5,120,26.75
2024-01-01 06:17:00,181,51,3,122,29.74
2024-01-01 06:17:30,186,51,12,178,29.9
2024-01-01 06:18:00,206,56,10,178,24.72
2024-01-01 06:18:30,185,59,8,125,30.35
2024-01-01 06:19:00,183,54,7,175,30.8
2024-01-01 06:19:30,193,58,9,161,31.19
2024-01-01 06:20:00,184,54,7,162,28.54
2024-01-01 06:20:30,156,45,9,140,30.28
2024-01-01 06:21:00,173,51,7,158,31.34
2024-01-01 06:21:30,169,51,9,113,29.34
2024-01-01 06:22:00,185,57,9,163,31.46
2024-01-01 06:22:30,183,54,11,174,30.03
2024-01-01 06:23:00,182,58,6,116,30.34
2024-01-01 06:23:30,182,57,11,142,30.62
2024-01-01 06:24:00,174,61,11,128,33.83
2024-01-01 06:24:30,174,53,7,116,31.73
2024-01-01 06:25:00,176,58,9,136,28.64
2024-01-01 06:25:30,174,52,9,171,28.16
2024-01-01 06:26:00,182,55,6,155,28.74
2024-01-01 06:26:30,205,52,7,138,28.03
2024-01-01 06:27:00,174,51,9,110,31.24
2024-01-01 06:27:30,190,58,10,171,29.96
2024-01-01 06:28:00,161,54,7,122,34.33
2024-01-01 06:28:30,199,63,9,139,35.26
2024-01-01 06:29:00,187,49,9,168,29.8
2024-01-01 06:29:30,186,50,6,176,31.94
2024-01-01 06:30:00,169,53,10,117,28.14
2024-01-01 06:30:30,197,53,11,212,24.11
2024-01-01 06:31:00,170,45,11,131,28.85
2024-01-01 06:31:30,173,57,7,131,26.12
2024-01-01 06:32:00,180,56,8,161,30.22
2024-01-01 06:32:30,186,64,9,145,31.62
2024-01-01 06:33:00,188,56,9,161,30.22
2024-01-01 06:33:30,167,48,8,143,29.33
2024-01-01 06:34:00,164,60,9,121,26.11
2024-01-01 06:34:30,188,52,9,184,30.24
2024-01-01 06:35:00,185,58,6,169,26.28
2024-01-01 06:35:30,186,64,11,160,29.74
2024-01-01 06:36:00,194,50,9,114,25.86
2024-01-01 06:36:30,192,62,8,94,31.31
2024-01-01 06:37:00,183,55,7,144,27.51
2024-01-01 06:37:30,183,66,9,161,29.76
2024-01-01 06:38:00,167,48,9,96,31.02
2024-01-01 06:38:30,190,59,9,148,29.11
2024-01-01 06:39:00,197,64,10,140,32.48
2024-01-01 06:39:30,179,51,11,159,31.86
2024-01-01 06:40:00,178,55,8,150,27.99
2024-01-01 06:40:30,183,54,8,153,33.51
2024-01-01 06:41:00,171,47,12,150,28.47
2024-01-01 06:41:30,178,45,5,155,30.21
2024-01-01 06:42:00,169,54,8,154,29.0
2024-01-01 06:42:30,183,56,7,133,30.14
2024-01-01 06:43:00,174,50,9,133,28.94
2024-01-01 06:43:30,178,54,6,122,27.23
2024-01-01 06:44:00,176,51,8,115,29.31
2024-01-01 06:44:30,165,55,9,143,29.27
2024-01-01 06:45:00,168,50,7,132,28.61
2024-01-01 06:45:30,166,51,9,151,30.63
2024-01-01 06:46:00,190,61,11,197,33.4
2024-01-01 06:46:30,171,55,7,164,32.98
2024-01-01 06:47:00,198,62,4,148,27.01
2024-01-01 06:47:30,172,54,8,157,32.07
2024-01-01 06:48:00,180,52,11,154,26.83
2024-01-01 06:48:30,184,60,9,170,32.15
2024-01-01 06:49:00,185,61,8,151,32.08
2024-01-01 06:49:30,185,48,9,162,30.92
2024-01-01 06:50:00,176,53,7,140,31.72
2024-01-01 06:50:30,195,45,11,188,30.43
2024-01-01 06:51:00,200,55,13,177,27.0
2024-01-01 06:51:30,186,61,9,172,31.17
2024-01-01 06:52:00,180,55,7,166,27.75
2024-01-01 06:52:30,180,54,10,170,34.46
2024-01-01 06:53:00,167,53,6,151,28.73
2024-01-01 06:53:30,180,63,8,139,27.02
2024-01-01 06:54:00,156,45,10,96,29.89
2024-01-01 06:54:30,178,54,6,128,21.07
2024-01-01 06:55:00,176,44,7,162,30.38
2024-01-01 06:55:30,170,50,7,111,26.76
2024-01-01 06:56:00,170,48,13,147,30.88
2024-01-01 06:56:30,201,62,10,234,26.11
2024-01-01 06:57:00,183,61,9,178,31.17
2024-01-01 06:57:30,183,64,8,188,29.88
2024-01-01 06:58:00,185,56,9,140,33.75
2024-01-01 06:58:30,171,55,10,114,30.51
2024-01-01 06:59:00,174,55,10,157,32.35
2024-01-01 06:59:30,175,51,8,127,28.34
2024-01-01 07:00:00,172,60,12,132,28.67
2024-01-01 07:00:30,169,51,4,124,32.91
2024-01-01 07:01:00,173,48,10,131,34.61
2024-01-01 07:01:30,179,56,7,168,29.84
2024-01-01 07:02:00,180,52,9,175,26.33
2024-01-01 07:02:30,171,56,6,146,32.79
2024-01-01 07:03:00,177,56,9,170,30.37
2024-01-01 07:03:30,179,52,5,110,31.22
2024-01-01 07:04:00,183,57,10,118,26.48
2024-01-01 07:04:30,180,50,9,131,30.27
2024-01-01 07:05:00,187,59,11,159,28.95
2024-01-01 07:05:30,194,59,7,196,29.7
2024-01-01 07:06:00,173,52,8,159,30.06
2024-01-01 07:06:30,176,53,9,159,34.47
2024-01-01 07:07:00,170,56,9,103,32.36
2024-01-01 07:07:30,177,50,11,142,32.74
2024-01-01 07:08:00,195,67,9,138,32.97
2024-01-01 07:08:30,201,65,9,131,24.18
2024-01-01 07:09:00,185,52,10,170,27.87
2024-01-01 07:09:30,160,49,5,106,30.17
2024-01-01 07:10:00,172,57,8,151,27.95
2024-01-01 07:10:30,178,52,10,130,26.81
2024-01-01 07:11:00,171,48,8,136,31.69
2024-01-01 07:11:30,153,43,5,143,30.14
2024-01-01 07:12:00,174,59,8,123,29.35
2024-01-01 07:12:30,189,50,5,150,26.38
2024-01-01 07:13:00,187,62,12,146,25.92
2024-01-01 07:13:30,191,60,7,157,29.46
2024-01-01 07:14:00,178,48,8,139,28.81
2024-01-01 07:14:30,187,54,8,158,30.08
2024-01-01 07:15:00,160,52,7,122,30.81
2024-01-01 07:15:30,189,55,6,118,32.98
2024-01-01 07:16:00,188,55,9,134,29.6
2024-01-01 07:16:30,171,45,8,129,28.56
2024-01-01 07:17:00,171,54,11,114,28.66
2024-01-01 07:17:30,179,51,5,172,30.28
2024-01-01 07:18:00,163,47,6,123,33.32
2024-01-01 07:18:30,159,40,9,108,33.79
2024-01-01 07:19:00,178,54,10,118,31.73
2024-01-01 07:19:30,162,52,11,142,27.68
2024-01-01 07:20:00,212,65,10,158,28.2
2024-01-01 07:20:30,183,63,10,149,26.6
2024-01-01 07:21:00,171,57,9,124,27.01
2024-01-01 07:21:30,190,55,11,177,27.08
2024-01-01 07:22:00,180,49,5,125,28.62
2024-01-01 07:22:30,180,58,7,150,35.86
2024-01-01 07:23:00,182,65,5,157,36.37
2024-01-01 07:23:30,171,48,9,138,33.82
2024-01-01 07:24:00,172,57,7,134,31.0
2024-01-01 07:24:30,196,59,7,146,28.18
2024-01-01 07:25:00,165,44,8,98,28.03
2024-01-01 07:25:30,192,58,7,138,28.52
2024-01-01 07:26:00,185,58,9,152,34.59
2024-01-01 07:26:30,197,57,11,138,26.2
2024-01-01 07:27:00,187,52,8,165,29.49
2024-01-01 07:27:30,184,60,7,139,26.03
2024-01-01 07:28:00,172,47,8,120,30.11
2024-01-01 07:28:30,173,50,12,147,27.17
2024-01-01 07:29:00,179,54,10,127,27.2
2024-01-01 07:29:30,180,59,8,160,31.77
2024-01-01 07:30:00,169,53,10,145,33.27
2024-01-01 07:30:30,191,44,13,123,31.64
2024-01-01 07:31:00,181,62,6,146,26.39
2024-01-01 07:31:30,162,53,8,129,34.71
2024-01-01 07:32:00,192,56,11,165,30.03
2024-01-01 07:32:30,178,48,11,151,33.48
2024-01-01 07:33:00,194,63,10,138,32.34
2024-01-01 07:33:30,164,43,8,133,29.65
2024-01-01 07:34:00,160,40,7,160,30.53
2024-01-01 07:34:30,171,58,11,132,36.67
2024-01-01 07:35:00,184,58,11,139,24.55
2024-01-01 07:35:30,202,66,10,137,31.89
2024-01-01 07:36:00,182,59,10,105,28.3
2024-01-01 07:36:30,170,46,6,121,31.07
2024-01-01 07:37:00,177,56,10,120,33.71
2024-01-01 07:37:30,177,50,8,146,32.36
2024-01-01 07:38:00,177,55,13,112,29.25
2024-01-01 07:38:30,172,55,9,151,31.93
2024-01-01 07:39:00,173,49,7,176,31.16
2024-01-01 07:39:30,182,51,11,124,30.02
2024-01-01 07:40:00,182,53,6,163,29.71
2024-01-01 07:40:30,164,57,5,130,32.69
2024-01-01 07:41:00,180,59,6,144,31.07
2024-01-01 07:41:30,191,57,7,155,27.85
2024-01-01 07:42:00,167,51,6,123,31.06
2024-01-01 07:42:30,160,56,8,112,31.44
2024-01-01 07:43:00,172,55,6,157,32.5
2024-01-01 07:43:30,177,53,11,144,30.02
2024-01-01 07:44:00,184,51,12,145,28.64
2024-01-01 07:44:30,171,50,7,126,33.13
2024-01-01 07:45:00,163,39,5,133,30.95
2024-01-01 07:45:30,176,59,8,92,33.93
2024-01-01 07:46:00,193,47,8,158,25.77
2024-01-01 07:46:30,167,45,11,83,29.74
2024-01-01 07:47:00,177,50,7,116,31.9
2024-01-01 07:47:30,169,48,8,142,29.6
2024-01-01 07:48:00,212,63,10,170,27.66
2024-01-01 07:48:30,189,58,7,138,31.93
2024-01-01 07:49:00,163,44,8,123,27.48
2024-01-01 07:49:30,182,60,13,126,31.85
2024-01-01 07:50:00,164,53,10,129,30.99
2024-01-01 07:50:30,175,50,10,154,26.96
2024-01-01 07:51:00,171,46,11,161,25.0
2024-01-01 07:51:30,170,46,10,143,29.13
2024-01-01 07:52:00,179,49,8,161,25.71
2024-01-01 07:52:30,177,50,10,161,27.34
2024-01-01 07:53:00,163,45,13,106,28.01
2024-01-01 07:53:30,157,41,6,114,31.19
2024-01-01 07:54:00,171,49,8,157,29.11
2024-01-01 07:54:30,177,54,7,188,24.65
2024-01-01 07:55:00,175,45,7,165,27.26
2024-01-01 07:55:30,185,57,10,151,33.21
2024-01-01 07:56:00,180,59,10,139,28.92
2024-01-01 07:56:30,180,51,11,118,24.39
2024-01-01 07:57:00,183,54,12,159,29.86
2024-01-01 07:57:30,168,48,5,120,29.33
2024-01-01 07:58:00,173,48,9,168,34.27
2024-01-01 07:58:30,167,48,8,172,32.64
2024-01-01 07:59:00,186,55,8,138,27.61
2024-01-01 07:59:30,170,52,8,94,29.59
2024-01-01 08:00:00,171,46,6,160,30.59
2024-01-01 08:00:30,176,64,10,142,30.41
2024-01-01 08:01:00,165,42,9,156,31.38
2024-01-01 08:01:30,168,50,7,112,27.99
2024-01-01 08:02:00,157,42,6,149,31.61
2024-01-01 08:02:30,166,54,8,154,30.54
2024-01-01 08:03:00,177,51,12,141,25.66
2024-01-01 08:03:30,146,36,7,117,28.22
2024-01-01 08:04:00,162,50,10,138,25.16
2024-01-01 08:04:30,161,38,8,114,32.15
2024-01-01 08:05:00,162,53,7,120,31.35
2024-01-01 08:05:30,163,46,10,117,31.86
2024-01-01 08:06:00,165,52,9,134,31.87
2024-01-01 08:06:30,166,53,9,152,29.29
2024-01-01 08:07:00,171,54,10,112,27.37
2024-01-01 08:07:30,171,38,6,127,28.5
2024-01-01 08:08:00,155,42,7,92,29.48
2024-01-01 08:08:30,194,59,10,154,28.17
2024-01-01 08:09:00,159,56,10,106,33.46
2024-01-01 08:09:30,153,52,5,115,29.32
2024-01-01 08:10:00,158,55,7,108,30.19
2024-01-01 08:10:30,152,43,4,110,29.94
2024-01-01 08:11:00,165,46,8,134,28.27
2024-01-01 08:11:30,149,42,8,147,28.12
2024-01-01 08:12:00,186,59,7,153,23.82
2024-01-01 08:12:30,166,42,9,152,28.18
2024-01-01 08:13:00,167,53,7,124,26.81
2024-01-01 08:13:30,158,46,8,107,25.65
2024-01-01 08:14:00,166,51,7,141,24.9
2024-01-01 08:14:30,154,48,8,135,28.73
2024-01-01 08:15:00,170,51,9,152,27.51
2024-01-01 08:15:30,161,51,9,104,29.29
2024-01-01 08:16:00,167,57,4,131,28.34
2024-01-01 08:16:30,167,52,6,139,25.75
2024-01-01 08:17:00,178,50,6,149,28.93
2024-01-01 08:17:30,171,43,6,91,26.01
2024-01-01 08:18:00,175,52,7,181,25.93
2024-01-01 08:18:30,161,46,5,99,28.89
2024-01-01 08:19:00,159,47,6,146,25.39
2024-01-01 08:19:30,165,49,8,129,25.01
2024-01-01 08:20:00,185,44,8,94,23.7
2024-01-01 08:20:30,163,49,7,117,27.13
2024-01-01 08:21:00,177,60,7,150,26.82
2024-01-01 08:21:30,153,37,9,118,25.31
2024-01-01 08:22:00,168,54,9,134,29.65
2024-01-01 08:22:30,173,54,5,170,28.51
2024-01-01 08:23:00,164,47,7,124,28.85
2024-01-01 08:23:30,179,45,8,157,22.87
2024-01-01 08:24:00,189,63,9,130,27.63
2024-01-01 08:24:30,170,44,8,129,24.36
2024-01-01 08:25:00,158,52,6,131,30.38
2024-01-01 08:25:30,142,36,3,97,30.31
2024-01-01 08:26:00,182,60,5,139,27.47
2024-01-01 08:26:30,177,46,12,146,27.4
2024-01-01 08:27:00,169,57,10,132,29.55
2024-01-01 08:27:30,166,55,11,97,27.49
2024-01-01 08:28:00,174,61,6,149,24.21
2024-01-01 08:28:30,174,51,7,198,28.53
2024-01-01 08:29:00,151,47,7,137,31.82
2024-01-01 08:29:30,175,55,7,153,27.65
2024-01-01 08:30:00,201,59,11,165,33.03
2024-01-01 08:30:30,147,47,5,114,26.78
2024-01-01 08:31:00,160,55,6,130,27.45
2024-01-01 08:31:30,168,55,7,137,22.79
2024-01-01 08:32:00,154,38,6,104,29.18
2024-01-01 08:32:30,179,44,13,184,27.55
2024-01-01 08:33:00,162,55,7,154,30.92
2024-01-01 08:33:30,169,43,10,83,28.73
2024-01-01 08:34:00,168,56,8,113,34.41
2024-01-01 08:34:30,154,50,8,138,27.33
2024-01-01 08:35:00,164,45,11,126,28.85
2024-01-01 08:35:30,158,41,6,133,22.42
2024-01-01 08:36:00,165,46,14,119,35.11
2024-01-01 08:36:30,166,39,9,127,32.2
2024-01-01 08:37:00,155,40,8,144,30.07
2024-01-01 08:37:30,189,60,11,132,24.66
2024-01-01 08:38:00,175,61,5,149,31.09
2024-01-01 08:38:30,173,44,8,119,32.3
2024-01-01 08:39:00,169,60,8,93,26.53
2024-01-01 08:39:30,171,49,7,148,31.24
2024-01-01 08:40:00,166,55,7,144,29.75
2024-01-01 08:40:30,173,51,5,159,24.72
2024-01-01 08:41:00,160,53,8,95,25.5
2024-01-01 08:41:30,172,54,7,165,27.36
2024-01-01 08:42:00,170,50,7,113,24.58
2024-01-01 08:42:30,161,55,8,130,27.95
2024-01-01 08:43:00,169,46,9,127,25.51
2024-01-01 08:43:30,172,50,7,138,29.72
2024-01-01 08:44:00,167,53,13,130,26.25
2024-01-01 08:44:30,161,43,5,123,22.32
2024-01-01 08:45:00,158,50,8,150,26.37
2024-01-01 08:45:30,174,60,10,138,24.8
2024-01-01 08:46:00,184,56,12,152,25.72
2024-01-01 08:46:30,166,49,6,123,28.98
2024-01-01 08:47:00,158,45,8,91,23.4
2024-01-01 08:47:30,176,55,10,172,30.07
2024-01-01 08:48:00,164,46,7,131,29.76
2024-01-01 08:48:30,152,42,8,118,30.23
2024-01-01 08:49:00,177,54,7,142,30.6
2024-01-01 08:49:30,165,61,4,108,31.75
2024-01-01 08:50:00,166,50,6,171,31.07
2024-01-01 08:50:30,176,48,6,125,27.31
2024-01-01 08:51:00,172,62,8,109,27.5
2024-01-01 08:51:30,155,36,7,76,25.01
2024-01-01 08:52:00,187,61,9,167,28.15
2024-01-01 08:52:30,167,52,11,124,25.16
2024-01-01 08:53:00,187,60,11,146,27.71
2024-01-01 08:53:30,174,54,9,118,31.47
2024-01-01 08:54:00,186,56,9,141,28.04
2024-01-01 08:54:30,165,53,6,129,29.2
2024-01-01 08:55:00,181,56,10,181,26.6
2024-01-01 08:55:30,184,56,10,148,31.25
2024-01-01 08:56:00,173,60,3,156,33.38
2024-01-01 08:56:30,163,56,13,155,24.46
2024-01-01 08:57:00,172,46,6,109,28.95
2024-01-01 08:57:30,162,56,7,109,30.82
2024-01-01 08:58:00,168,43,6,168,26.08
2024-01-01 08:58:30,169,46,5,123,24.23
2024-01-01 08:59:00,160,47,7,164,29.53
2024-01-01 08:59:30,190,51,11,185,29.42
2024-01-01 09:00:00,144,36,7,126,30.78
2024-01-01 09:00:30,162,56,6,160,33.33
2024-01-01 09:01:00,166,53,7,154,29.18
2024-01-01 09:01:30,142,47,7,107,26.0
2024-01-01 09:02:00,155,47,6,153,29.42
2024-01-01 09:02:30,139,40,6,119,25.67
2024-01-01 09:03:00,152,44,8,95,31.04
2024-01-01 09:03:30,162,50,4,135,25.89
2024-01-01 09:04:00,147,45,10,125,29.66
2024-01-01 09:04:30,149,48,9,138,30.14
2024-01-01 09:05:00,159,47,7,118,30.83
2024-01-01 09:05:30,174,54,7,161,29.65
2024-01-01 09:06:00,145,49,6,103,29.87
2024-01-01 09:06:30,167,54,5,170,27.06
2024-01-01 09:07:00,163,53,8,90,31.98
2024-01-01 09:07:30,151,43,7,143,24.25
2024-01-01 09:08:00,178,48,7,154,30.92
2024-01-01 09:08:30,155,54,8,138,27.28
2024-01-01 09:09:00,158,42,8,138,26.5
2024-01-01 09:09:30,169,52,8,135,31.86
2024-01-01 09:10:00,120,44,6,89,23.59
2024-01-01 09:10:30,156,44,9,145,28.09
2024-01-01 09:11:00,163,50,9,125,32.38
2024-01-01 09:11:30,162,46,7,122,21.2
2024-01-01 09:12:00,144,39,10,109,26.61
2024-01-01 09:12:30,159,49,6,121,21.95
2024-01-01 09:13:00,161,45,8,130,25.08
2024-01-01 09:13:30,155,52,9,134,26.68
2024-01-01 09:14:00,154,50,12,135,25.84
2024-01-01 09:14:30,149,48,6,97,23.66
2024-01-01 09:15:00,169,48,8,133,26.33
2024-01-01 09:15:30,161,44,7,129,29.85
2024-01-01 09:16:00,141,38,7,123,25.81
2024-01-01 09:16:30,153,43,7,125,25.74
2024-01-01 09:17:00,147,46,10,143,29.77
2024-01-01 09:17:30,156,43,11,137,24.95
2024-01-01 09:18:00,152,47,7,126,27.19
2024-01-01 09:18:30,136,36,8,102,27.89
2024-01-01 09:19:00,166,43,6,134,28.17
2024-01-01 09:19:30,168,42,7,111,27.28
2024-01-01 09:20:00,165,55,9,108,19.99
2024-01-01 09:20:30,145,32,6,116,27.63
2024-01-01 09:21:00,152,49,11,115,28.08
2024-01-01 09:21:30,142,45,7,127,27.88
2024-01-01 09:22:00,151,40,6,101,19.45
2024-01-01 09:22:30,155,49,7,118,25.87
2024-01-01 09:23:00,154,47,5,140,27.29
2024-01-01 09:23:30,143,44,6,115,24.46
2024-01-01 09:24:00,152,41,7,92,28.06
2024-01-01 09:24:30,148,42,9,109,22.76
2024-01-01 09:25:00,143,40,6,107,31.02
2024-01-01 09:25:30,159,46,9,117,28.1
2024-01-01 09:26:00,147,43,10,87,23.19
2024-01-01 09:26:30,129,40,6,68,22.09
2024-01-01 09:27:00,161,43,6,98,24.51
2024-01-01 09:27:30,158,56,7,112,27.08
2024-01-01 09:28:00,151,39,8,100,23.83
2024-01-01 09:28:30,155,40,8,170,21.68
2024-01-01 09:29:00,153,49,6,100,23.81
2024-01-01 09:29:30,168,45,10,95,27.5
2024-01-01 09:30:00,165,44,5,137,27.76
2024-01-01 09:30:30,144,45,7,119,27.15
2024-01-01 09:31:00,133,37,4,125,23.24
2024-01-01 09:31:30,150,42,3,90,21.76
2024-01-01 09:32:00,154,48,9,88,23.07
2024-01-01 09:32:30,164,46,7,132,21.66
2024-01-01 09:33:00,148,52,8,128,25.13
2024-01-01 09:33:30,139,36,6,91,21.43
2024-01-01 09:34:00,140,34,11,84,23.35
2024-01-01 09:34:30,154,47,7,121,26.79
2024-01-01 09:35:00,165,51,12,121,25.61
2024-01-01 09:35:30,169,40,8,139,30.61
2024-01-01 09:36:00,178,55,8,177,24.35
2024-01-01 09:36:30,161,46,8,146,18.79
2024-01-01 09:37:00,144,36,7,97,25.63
2024-01-01 09:37:30,163,44,12,155,24.97
2024-01-01 09:38:00,137,34,4,63,23.28
2024-01-01 09:38:30,168,57,9,129,28.42
2024-01-01 09:39:00,164,45,7,127,23.48
2024-01-01 09:39:30,153,46,10,132,29.67
2024-01-01 09:40:00,150,49,8,137,28.54
2024-01-01 09:40:30,158,51,6,121,26.81
2024-01-01 09:41:00,168,53,9,127,22.32
2024-01-01 09:41:30,140,43,8,99,24.33
2024-01-01 09:42:00,139,41,7,101,24.07
2024-01-01 09:42:30,157,43,6,140,26.86
2024-01-01 09:43:00,156,49,5,84,27.19
2024-01-01 09:43:30,166,48,9,110,23.76
2024-01-01 09:44:00,150,42,10,128,24.35
2024-01-01 09:44:30,161,41,9,122,21.73
2024-01-01 09:45:00,144,47,3,99,29.46
2024-01-01 09:45:30,165,49,9,111,32.5
2024-01-01 09:46:00,163,50,7,116,28.03
2024-01-01 09:46:30,159,46,4,116,29.43
2024-01-01 09:47:00,157,33,8,109,22.09
2024-01-01 09:47:30,148,43,8,148,28.85
2024-01-01 09:48:00,155,48,11,143,23.5
2024-01-01 09:48:30,151,49,5,120,28.64
2024-01-01 09:49:00,143,46,9,134,27.93
2024-01-01 09:49:30,154,51,6,131,26.89
2024-01-01 09:50:00,163,40,6,135,28.71
2024-01-01 09:50:30,147,49,9,84,24.41
2024-01-01 09:51:00,172,54,8,127,30.74
2024-01-01 09:51:30,172,55,11,142,26.75
2024-01-01 09:52:00,172,45,7,111,21.66
2024-01-01 09:52:30,160,49,9,162,25.93
2024-01-01 09:53:00,146,43,7,144,26.81
2024-01-01 09:53:30,153,46,9,126,26.99
2024-01-01 09:54:00,148,46,10,95,25.26
2024-01-01 09:54:30,163,46,6,154,25.83
2024-01-01 09:55:00,171,48,9,139,21.8
2024-01-01 09:55:30,141,51,9,121,24.73
2024-01-01 09:56:00,156,45,4,144,25.54
2024-01-01 09:56:30,159,50,7,141,22.69
2024-01-01 09:57:00,153,45,7,113,23.77
2024-01-01 09:57:30,165,54,7,147,24.98
2024-01-01 09:58:00,157,42,8,94,27.82
2024-01-01 09:58:30,146,36,3,108,25.01
2024-01-01 09:59:00,155,47,6,137,21.88
2024-01-01 09:59:30,155,50,9,146,26.42
2024-01-01 10:00:00,138,50,7,128,25.55
2024-01-01 10:00:30,128,44,3,112,23.37
2024-01-01 10:01:00,133,40,9,149,29.93
2024-01-01 10:01:30,149,45,6,129,28.84
2024-01-01 10:02:00,146,39,5,101,28.12
2024-01-01 10:02:30,127,40,5,112,24.61
2024-01-01 10:03:00,148,49,8,133,25.6
2024-01-01 10:03:30,127,32,8,54,26.43
2024-01-01 10:04:00,146,40,7,98,26.07
2024-01-01 10:04:30,132,41,8,136,24.03
2024-01-01 10:05:00,133,41,5,63,28.6
2024-01-01 10:05:30,129,43,7,97,24.84
2024-01-01 10:06:00,126,40,5,74,23.53
2024-01-01 10:06:30,141,39,6,118,27.29
2024-01-01 10:07:00,146,46,5,110,24.56
2024-01-01 10:07:30,130,51,6,95,27.76
2024-01-01 10:08:00,115,38,4,101,26.67
2024-01-01 10:08:30,124,37,9,94,24.83
2024-01-01 10:09:00,133,46,7,89,29.31
2024-01-01 10:09:30,154,35,6,81,26.06
2024-01-01 10:10:00,124,34,3,122,23.48
2024-01-01 10:10:30,131,27,6,93,25.23
2024-01-01 10:11:00,153,52,6,136,20.16
2024-01-01 10:11:30,147,44,5,115,23.31
2024-01-01 10:12:00,169,52,8,89,23.57
2024-01-01 10:12:30,142,39,8,133,18.88
2024-01-01 10:13:00,151,41,7,135,24.83
2024-01-01 10:13:30,135,41,7,113,22.04
2024-01-01 10:14:00,158,49,9,100,24.93
2024-01-01 10:14:30,119,33,2,85,22.31
2024-01-01 10:15:00,153,43,9,129,20.2
2024-01-01 10:15:30,110,43,4,83,21.57
2024-01-01 10:16:00,139,40,5,75,20.84
2024-01-01 10:16:30,134,40,6,112,23.79
2024-01-01 10:17:00,140,45,8,107,25.87
2024-01-01 10:17:30,145,49,7,128,16.85
2024-01-01 10:18:00,126,41,6,95,19.39
2024-01-01 10:18:30,137,47,8,132,19.71
2024-01-01 10:19:00,142,52,6,121,20.84
2024-01-01 10:19:30,147,44,9,146,26.05
2024-01-01 10:20:00,121,42,6,81,20.59
2024-01-01 10:20:30,131,37,4,123,23.94
2024-01-01 10:21:00,143,48,6,83,26.37
2024-01-01 10:21:30,149,40,8,87,24.5
2024-01-01 10:22:00,144,48,6,84,23.23
2024-01-01 10:22:30,138,47,4,105,26.35
2024-01-01 10:23:00,122,34,7,102,23.16
2024-01-01 10:23:30,125,35,3,88,18.41
2024-01-01 10:24:00,141,37,8,102,28.88
2024-01-01 10:24:30,142,43,12,107,19.98
2024-01-01 10:25:00,142,39,8,109,24.02
2024-01-01 10:25:30,114,28,5,57,18.6
2024-01-01 10:26:00,130,37,5,122,22.41
2024-01-01 10:26:30,140,46,5,122,24.09
2024-01-01 10:27:00,124,35,4,105,23.26
2024-01-01 10:27:30,144,49,4,119,20.48
2024-01-01 10:28:00,123,34,5,107,22.74
2024-01-01 10:28:30,139,39,5,117,24.88
2024-01-01 10:29:00,139,45,7,111,23.32
2024-01-01 10:29:30,136,36,5,104,24.27
2024-01-01 10:30:00,159,46,6,128,23.57
2024-01-01 10:30:30,143,41,7,150,21.91
2024-01-01 10:31:00,152,40,8,107,21.65
2024-01-01 10:31:30,139,50,5,110,24.86
2024-01-01 10:32:00,142,51,7,102,23.1
2024-01-01 10:32:30,161,50,8,110,23.05
2024-01-01 10:33:00,156,50,11,131,17.53
2024-01-01 10:33:30,129,38,2,105,19.18
2024-01-01 10:34:00,131,39,3,98,23.01
2024-01-01 10:34:30,130,41,7,70,19.65
2024-01-01 10:35:00,149,45,5,101,19.15
2024-01-01 10:35:30,143,50,3,131,20.54
2024-01-01 10:36:00,141,43,8,141,23.87
2024-01-01 10:36:30,147,47,8,132,25.4
2024-01-01 10:37:00,152,42,7,134,24.22
2024-01-01 10:37:30,129,34,8,118,21.18
2024-01-01 10:38:00,126,44,3,107,17.31
2024-01-01 10:38:30,153,51,9,139,24.05
2024-01-01 10:39:00,128,34,4,124,18.35
2024-01-01 10:39:30,143,38,6,159,24.59
2024-01-01 10:40:00,131,45,7,104,28.4
2024-01-01 10:40:30,145,51,7,114,22.43
2024-01-01 10:41:00,134,42,5,128,28.25
2024-01-01 10:41:30,135,39,4,134,26.64
2024-01-01 10:42:00,144,47,5,144,22.03
2024-01-01 10:42:30,139,44,8,112,27.01
2024-01-01 10:43:00,124,34,8,97,27.72
2024-01-01 10:43:30,150,48,5,124,20.05
2024-01-01 10:44:00,135,49,9,79,23.76
2024-01-01 10:44:30,124,31,5,106,20.1
2024-01-01 10:45:00,118,37,2,95,24.35
2024-01-01 10:45:30,117,38,2,103,24.99
2024-01-01 10:46:00,134,38,7,99,23.29
2024-01-01 10:46:30,152,48,8,113,25.51
2024-01-01 10:47:00,141,30,5,133,26.34
2024-01-01 10:47:30,130,43,6,120,19.08
2024-01-01 10:48:00,136,48,9,97,19.45
2024-01-01 10:48:30,166,47,6,122,27.77
2024-01-01 10:49:00,142,39,5,127,18.33
2024-01-01 10:49:30,145,42,6,138,21.83
2024-01-01 10:50:00,135,42,8,104,21.46
2024-01-01 10:50:30,147,35,7,128,24.92
2024-01-01 10:51:00,147,43,6,134,22.51
2024-01-01 10:51:30,145,46,6,122,22.17
2024-01-01 10:52:00,148,50,7,102,25.03
2024-01-01 10:52:30,145,42,6,89,23.03
2024-01-01 10:53:00,141,42,4,142,22.08
2024-01-01 10:53:30,131,37,5,102,21.93
2024-01-01 10:54:00,142,44,8,113,21.72
2024-01-01 10:54:30,144,44,10,97,21.76
2024-01-01 10:55:00,135,37,3,111,22.79
2024-01-01 10:55:30,139,41,3,95,19.16
2024-01-01 10:56:00,127,24,6,112,23.33
2024-01-01 10:56:30,132,33,8,109,27.55
2024-01-01 10:57:00,140,39,4,109,22.44
2024-01-01 10:57:30,137,40,6,99,22.37
2024-01-01 10:58:00,139,42,8,138,23.4
2024-01-01 10:58:30,148,47,4,151,24.26
2024-01-01 10:59:00,145,36,5,125,22.94
2024-01-01 10:59:30,144,45,5,103,23.45
2024-01-01 11:00:00,137,39,4,115,20.9
2024-01-01 11:00:30,123,32,10,86,24.78
2024-01-01 11:01:00,130,42,9,149,23.9
2024-01-01 11:01:30,114,39,7,69,21.88
2024-01-01 11:02:00,121,34,7,92,25.06
2024-01-01 11:02:30,117,33,4,96,23.65
2024-01-01 11:03:00,105,25,6,94,23.76
2024-01-01 11:03:30,124,36,6,132,24.27
2024-01-01 11:04:00,114,28,8,83,25.69
2024-01-01 11:04:30,131,37,7,134,24.68
2024-01-01 11:05:00,112,30,6,102,23.54
2024-01-01 11:05:30,126,32,6,99,21.83
2024-01-01 11:06:00,116,45,7,108,20.45
2024-01-01 11:06:30,118,41,5,123,21.54
2024-01-01 11:07:00,116,32,5,101,22.89
2024-01-01 11:07:30,116,31,7,117,23.07
2024-01-01 11:08:00,91,31,4,65,23.58
2024-01-01 11:08:30,129,44,12,117,23.56
2024-01-01 11:09:00,125,40,8,102,26.46
2024-01-01 11:09:30,98,25,4,71,23.97
2024-01-01 11:10:00,120,35,4,112,22.29
2024-01-01 11:10:30,133,52,5,99,20.51
2024-01-01 11:11:00,120,40,4,97,23.13
2024-01-01 11:11:30,129,38,5,137,18.78
2024-01-01 11:12:00,124,41,6,141,21.98
2024-01-01 11:12:30,106,44,3,93,22.02
2024-01-01 11:13:00,130,34,7,84,19.07
2024-01-01 11:13:30,128,32,7,130,20.64
2024-01-01 11:14:00,116,38,7,110,20.13
2024-01-01 11:14:30,118,32,6,69,23.32
2024-01-01 11:15:00,119,31,5,153,21.19
2024-01-01 11:15:30,108,37,4,79,21.39
2024-01-01 11:16:00,121,36,7,99,17.65
2024-01-01 11:16:30,138,48,4,88,17.64
2024-01-01 11:17:00,113,41,9,86,20.72
2024-01-01 11:17:30,120,33,10,102,20.06
2024-01-01 11:18:00,130,35,7,87,14.47
2024-01-01 11:18:30,123,30,6,112,19.58
2024-01-01 11:19:00,118,34,4,87,19.19
2024-01-01 11:19:30,122,30,5,95,17.29
2024-01-01 11:20:00,103,27,7,76,16.49
2024-01-01 11:20:30,135,36,5,62,20.75
2024-01-01 11:21:00,124,47,8,70,19.43
2024-01-01 11:21:30,123,33,6,139,21.43
2024-01-01 11:22:00,117,35,8,83,19.03
2024-01-01 11:22:30,119,39,2,100,14.95
2024-01-01 11:23:00,116,29,4,60,23.84
2024-01-01 11:23:30,138,45,7,127,21.01
2024-01-01 11:24:00,124,38,7,98,20.78
2024-01-01 11:24:30,116,39,6,93,22.56
2024-01-01 11:25:00,122,33,10,94,19.23
2024-01-01 11:25:30,133,40,7,117,21.01
2024-01-01 11:26:00,134,39,6,105,17.57
2024-01-01 11:26:30,120,36,7,104,21.68
2024-01-01 11:27:00,136,42,2,88,18.04
2024-01-01 11:27:30,109,23,6,94,20.19
2024-01-01 11:28:00,113,37,9,126,20.51
2024-01-01 11:28:30,111,26,7,108,16.29
2024-01-01 11:29:00,113,32,6,104,18.78
2024-01-01 11:29:30,118,27,8,106,19.34
2024-01-01 11:30:00,111,21,6,69,21.23
2024-01-01 11:30:30,118,34,7,120,25.09
2024-01-01 11:31:00,115,39,8,115,21.14
2024-01-01 11:31:30,131,37,7,117,23.36
2024-01-01 11:32:00,127,32,7,147,19.09
2024-01-01 11:32:30,105,30,4,105,21.22
2024-01-01 11:33:00,128,43,8,127,19.51
2024-01-01 11:33:30,121,34,4,146,23.22
2024-01-01 11:34:00,121,41,6,97,24.01
2024-01-01 11:34:30,130,36,7,95,21.22
2024-01-01 11:35:00,109,30,7,106,19.86
2024-01-01 11:35:30,128,45,4,103,21.44
2024-01-01 11:36:00,129,39,7,129,18.59
2024-01-01 11:36:30,115,33,4,71,20.74
2024-01-01 11:37:00,125,32,7,80,25.05
2024-01-01 11:37:30,120,35,5,74,20.09
2024-01-01 11:38:00,111,34,7,71,17.72
2024-01-01 11:38:30,164,44,7,110,18.27
2024-01-01 11:39:00,113,28,4,41,18.08
2024-01-01 11:39:30,132,40,7,127,23.41
2024-01-01 11:40:00,113,40,5,91,20.26
2024-01-01 11:40:30,120,27,6,107,19.15
2024-01-01 11:41:00,117,27,7,76,25.03
2024-01-01 11:41:30,98,32,4,110,22.97
2024-01-01 11:42:00,126,39,10,125,21.62
2024-01-01 11:42:30,131,42,7,83,19.1
2024-01-01 11:43:00,122,40,5,42,20.09
2024-01-01 11:43:30,137,41,4,141,19.79
2024-01-01 11:44:00,125,38,5,111,18.62
2024-01-01 11:44:30,132,37,5,113,21.54
2024-01-01 11:45:00,136,38,8,108,17.94
2024-01-01 11:45:30,120,37,6,126,23.59
2024-01-01 11:46:00,119,35,5,111,24.07
2024-01-01 11:46:30,122,28,4,51,19.84
2024-01-01 11:47:00,129,41,6,115,19.68
2024-01-01 11:47:30,125,28,7,96,19.48
2024-01-01 11:48:00,112,29,5,76,23.21
2024-01-01 11:48:30,100,32,4,81,29.19
2024-01-01 11:49:00,116,42,7,48,16.27
2024-01-01 11:49:30,113,34,5,80,21.15
2024-01-01 11:50:00,122,40,4,84,21.49
2024-01-01 11:50:30,132,35,9,120,20.87
2024-01-01 11:51:00,110,38,6,80,20.78
2024-01-01 11:51:30,117,43,6,149,17.64
2024-01-01 11:52:00,136,38,8,100,24.66
2024-01-01 11:52:30,118,30,7,68,20.44
2024-01-01 11:53:00,128,36,7,81,18.51
2024-01-01 11:53:30,102,34,5,109,19.71
2024-01-01 11:54:00,101,32,6,84,19.04
2024-01-01 11:54:30,104,31,5,97,19.75
2024-01-01 11:55:00,110,29,3,85,20.64
2024-01-01 11:55:30,127,48,2,137,23.47
2024-01-01 11:56:00,121,23,8,92,20.74
2024-01-01 11:56:30,130,34,6,80,17.54
2024-01-01 11:57:00,112,29,4,94,20.21
2024-01-01 11:57:30,119,31,7,105,21.45
2024-01-01 11:58:00,131,39,8,92,18.42
2024-01-01 11:58:30,100,38,3,63,16.41
2024-01-01 11:59:00,129,39,7,88,20.28
2024-01-01 11:59:30,120,32,6,60,19.32
2024-01-01 12:00:00,103,24,10,59,20.21
2024-01-01 12:00:30,106,30,5,87,23.12
2024-01-01 12:01:00,105,25,0,71,17.19
2024-01-01 12:01:30,92,31,6,60,17.38
2024-01-01 12:02:00,99,25,6,91,24.12
2024-01-01 12:02:30,96,26,5,119,20.72
2024-01-01 12:03:00,111,28,7,112,22.76
2024-01-01 12:03:30,89,21,2,84,13.14
2024-01-01 12:04:00,94,30,4,61,16.94
2024-01-01 12:04:30,107,36,6,58,17.39
2024-01-01 12:05:00,104,34,5,80,17.34
2024-01-01 12:05:30,110,44,5,62,20.79
2024-01-01 12:06:00,95,26,6,62,20.99
2024-01-01 12:06:30,97,29,2,66,21.59
2024-01-01 12:07:00,111,38,7,98,19.38
2024-01-01 12:07:30,104,31,3,84,19.13
2024-01-01 12:08:00,96,23,4,75,19.94
2024-01-01 12:08:30,93,36,4,84,18.42
2024-01-01 12:09:00,94,25,7,98,21.91
2024-01-01 12:09:30,88,23,4,56,21.13
2024-01-01 12:10:00,93,25,9,80,17.23
2024-01-01 12:10:30,86,19,4,73,15.32
2024-01-01 12:11:00,90,19,3,84,19.27
2024-01-01 12:11:30,124,37,3,108,17.66
2024-01-01 12:12:00,109,27,8,65,15.18
2024-01-01 12:12:30,75,19,1,57,14.57
2024-01-01 12:13:00,104,20,5,70,13.79
2024-01-01 12:13:30,124,38,9,110,14.95
2024-01-01 12:14:00,98,25,7,43,15.92
2024-01-01 12:14:30,102,35,3,73,17.72
2024-01-01 12:15:00,103,33,4,88,17.08
2024-01-01 12:15:30,108,31,8,102,18.39
2024-01-01 12:16:00,90,33,1,17,11.54
2024-01-01 12:16:30,107,32,6,71,16.54
2024-01-01 12:17:00,79,14,3,50,17.05
2024-01-01 12:17:30,85,31,0,67,19.6
2024-01-01 12:18:00,95,27,0,86,16.55
2024-01-01 12:18:30,98,33,4,56,15.8
2024-01-01 12:19:00,111,25,6,54,16.01
2024-01-01 12:19:30,116,32,5,74,13.52
2024-01-01 12:20:00,114,25,4,109,12.25
2024-01-01 12:20:30,105,36,4,133,15.63
2024-01-01 12:21:00,102,22,2,55,12.36
2024-01-01 12:21:30,86,27,7,101,21.83
2024-01-01 12:22:00,118,32,7,98,17.82
2024-01-01 12:22:30,74,18,2,115,6.72
2024-01-01 12:23:00,104,39,3,60,17.2
2024-01-01 12:23:30,97,29,2,86,20.77
2024-01-01 12:24:00,117,38,7,91,13.28
2024-01-01 12:24:30,99,23,2,89,16.27
2024-01-01 12:25:00,92,29,3,57,17.92
2024-01-01 12:25:30,95,14,7,57,13.12
2024-01-01 12:26:00,96,25,5,58,17.01
2024-01-01 12:26:30,83,25,4,66,18.06
2024-01-01 12:27:00,97,28,2,68,14.96
2024-01-01 12:27:30,107,32,4,63,13.16
2024-01-01 12:28:00,99,36,5,55,13.2
2024-01-01 12:28:30,113,35,4,96,14.54
2024-01-01 12:29:00,105,27,4,93,18.98
2024-01-01 12:29:30,110,26,7,84,21.02
2024-01-01 12:30:00,94,34,1,66,20.04
2024-01-01 12:30:30,105,36,3,83,16.03
2024-01-01 12:31:00,92,29,3,61,15.74
2024-01-01 12:31:30,103,30,5,106,15.3
2024-01-01 12:32:00,107,30,6,68,20.91
2024-01-01 12:32:30,97,34,3,47,12.36
2024-01-01 12:33:00,103,27,10,49,15.86
2024-01-01 12:33:30,109,28,5,93,20.44
2024-01-01 12:34:00,87,26,4,63,19.79
2024-01-01 12:34:30,92,21,1,110,15.44
2024-01-01 12:35:00,82,22,3,62,12.53
2024-01-01 12:35:30,95,27,2,81,21.25
2024-01-01 12:36:00,118,38,4,93,18.82
2024-01-01 12:36:30,103,33,4,81,11.09
2024-01-01 12:37:00,98,31,2,86,13.22
2024-01-01 12:37:30,96,28,6,53,16.78
2024-01-01 12:38:00,95,20,3,44,17.0
2024-01-01 12:38:30,91,16,3,85,18.19
2024-01-01 12:39:00,102,33,2,106,17.69
2024-01-01 12:39:30,106,29,4,92,20.77
2024-01-01 12:40:00,104,29,4,80,18.86
2024-01-01 12:40:30,93,24,5,99,21.39
2024-01-01 12:41:00,112,31,2,74,14.81
2024-01-01 12:41:30,121,37,6,64,18.36
2024-01-01 12:42:00,102,32,5,71,16.6
2024-01-01 12:42:30,97,36,5,42,13.18
2024-01-01 12:43:00,108,43,5,67,17.84
2024-01-01 12:43:30,101,34,7,90,19.26
2024-01-01 12:44:00,91,29,5,98,12.48
2024-01-01 12:44:30,126,39,4,119,16.65
2024-01-01 12:45:00,97,25,8,68,14.59
2024-01-01 12:45:30,88,27,2,84,14.77
2024-01-01 12:46:00,102,25,5,96,20.36
2024-01-01 12:46:30,96,25,3,101,17.65
2024-01-01 12:47:00,114,40,3,73,16.33
2024-01-01 12:47:30,103,32,3,88,21.98
2024-01-01 12:48:00,126,39,6,81,17.86
2024-01-01 12:48:30,92,20,8,66,16.7
2024-01-01 12:49:00,117,41,2,87,18.63
2024-01-01 12:49:30,106,32,4,94,16.28
2024-01-01 12:50:00,86,29,3,30,17.38
2024-01-01 12:50:30,103,27,6,81,16.99
2024-01-01 12:51:00,107,33,7,75,17.84
2024-01-01 12:51:30,90,30,1,32,20.67
2024-01-01 12:52:00,107,25,6,24,18.57
2024-01-01 12:52:30,102,29,5,120,19.05
2024-01-01 12:53:00,97,31,4,76,22.15
2024-01-01 12:53:30,109,39,9,109,13.65
2024-01-01 12:54:00,85,20,1,96,14.47
2024-01-01 12:54:30,115,39,7,94,19.92
2024-01-01 12:55:00,100,34,9,65,15.25
2024-01-01 12:55:30,93,27,5,86,17.19
2024-01-01 12:56:00,100,26,6,53,16.12
2024-01-01 12:56:30,113,33,3,86,15.61
2024-01-01 12:57:00,100,31,6,97,20.14
2024-01-01 12:57:30,106,25,5,100,17.38
2024-01-01 12:58:00,86,31,1,83,21.06
2024-01-01 12:58:30,94,36,6,92,13.44
2024-01-01 12:59:00,89,18,6,67,18.49
2024-01-01 12:59:30,117,32,4,81,17.76
2024-01-01 13:00:00,151,38,6,121,12.74
2024-01-01 13:00:30,146,51,9,143,20.14
2024-01-01 13:01:00,145,43,9,69,15.96
2024-01-01 13:01:30,142,44,7,109,15.87
2024-01-01 13:02:00,151,45,4,120,17.81
2024-01-01 13:02:30,129,36,3,105,16.5
2024-01-01 13:03:00,146,45,7,91,17.46
2024-01-01 13:03:30,133,39,5,78,15.24
2024-01-01 13:04:00,125,41,8,101,16.49
2024-01-01 13:04:30,131,42,8,119,21.41
2024-01-01 13:05:00,132,37,6,93,15.61
2024-01-01 13:05:30,140,36,9,114,15.72
2024-01-01 13:06:00,147,45,6,94,20.4
2024-01-01 13:06:30,137,36,5,100,19.16
2024-01-01 13:07:00,133,32,6,97,20.85
2024-01-01 13:07:30,129,37,8,118,17.24
2024-01-01 13:08:00,152,54,10,119,13.34
2024-01-01 13:08:30,144,46,6,95,12.12
2024-01-01 13:09:00,136,31,9,120,16.31
2024-01-01 13:09:30,146,41,8,126,18.6
2024-01-01 13:10:00,138,34,6,88,28.54
2024-01-01 13:10:30,139,39,9,121,27.18
2024-01-01 13:11:00,132,33,6,72,26.66
2024-01-01 13:11:30,124,39,3,75,20.17
2024-01-01 13:12:00,133,34,9,94,27.21
2024-01-01 13:12:30,133,41,6,68,24.12
2024-01-01 13:13:00,140,38,9,127,25.95
2024-01-01 13:13:30,127,38,7,100,20.77
2024-01-01 13:14:00,119,39,3,69,22.06
2024-01-01 13:14:30,129,40,4,105,20.97
2024-01-01 13:15:00,127,39,7,113,22.66
2024-01-01 13:15:30,132,38,5,68,23.17
2024-01-01 13:16:00,123,36,7,108,27.17
2024-01-01 13:16:30,118,34,7,93,24.03
2024-01-01 13:17:00,125,37,7,117,25.35
2024-01-01 13:17:30,154,50,8,130,21.44
2024-01-01 13:18:00,146,53,7,129,21.11
2024-01-01 13:18:30,130,35,8,101,24.33
2024-01-01 13:19:00,146,47,5,115,23.97
2024-01-01 13:19:30,140,40,6,124,23.88
2024-01-01 13:20:00,150,49,8,155,23.37
2024-01-01 13:20:30,135,41,11,129,20.28
2024-01-01 13:21:00,127,35,8,104,24.29
2024-01-01 13:21:30,153,56,8,125,21.58
2024-01-01 13:22:00,128,37,8,125,22.94
2024-01-01 13:22:30,135,43,7,118,22.33
2024-01-01 13:23:00,145,44,9,111,18.82
2024-01-01 13:23:30,139,40,5,103,19.33
2024-01-01 13:24:00,137,47,7,62,20.59
2024-01-01 13:24:30,133,46,10,84,23.32
2024-01-01 13:25:00,134,35,9,113,22.18
2024-01-01 13:25:30,131,36,5,55,21.41
2024-01-01 13:26:00,121,33,4,87,22.12
2024-01-01 13:26:30,138,31,6,110,18.35
2024-01-01 13:27:00,127,35,9,101,20.65
2024-01-01 13:27:30,118,33,6,79,26.35
2024-01-01 13:28:00,140,41,8,128,21.41
2024-01-01 13:28:30,128,38,9,84,23.58
2024-01-01 13:29:00,139,45,5,122,24.61
2024-01-01 13:29:30,144,55,9,104,28.38
2024-01-01 13:30:00,120,42,6,69,26.4
2024-01-01 13:30:30,141,46,10,88,22.06
2024-01-01 13:31:00,123,36,3,114,23.28
2024-01-01 13:31:30,143,45,7,99,22.48
2024-01-01 13:32:00,143,45,5,82,23.7
2024-01-01 13:32:30,128,38,3,152,21.6
2024-01-01 13:33:00,147,41,10,130,22.61
2024-01-01 13:33:30,134,36,6,104,20.99
2024-01-01 13:34:00,141,43,1,81,25.33
2024-01-01 13:34:30,124,34,7,134,19.93
2024-01-01 13:35:00,136,43,7,116,21.84
2024-01-01 13:35:30,152,44,4,115,24.23
2024-01-01 13:36:00,131,36,3,119,20.13
2024-01-01 13:36:30,129,37,6,92,21.09
2024-01-01 13:37:00,144,42,8,96,19.52
2024-01-01 13:37:30,137,40,7,95,21.97
2024-01-01 13:38:00,129,41,7,82,23.27
2024-01-01 13:38:30,123,40,5,132,20.57
2024-01-01 13:39:00,133,34,0,128,24.56
2024-01-01 13:39:30,123,34,7,72,22.82
2024-01-01 13:40:00,133,37,7,88,20.09
2024-01-01 13:40:30,148,41,4,109,26.59
2024-01-01 13:41:00,125,26,4,102,19.48
2024-01-01 13:41:30,147,47,4,153,25.2
2024-01-01 13:42:00,118,36,5,85,26.93
2024-01-01 13:42:30,148,48,8,157,16.66
2024-01-01 13:43:00,154,37,11,137,27.5
2024-01-01 13:43:30,137,40,6,138,22.38
2024-01-01 13:44:00,148,42,8,125,23.72
2024-01-01 13:44:30,123,36,7,74,19.59
2024-01-01 13:45:00,128,36,7,102,19.86
2024-01-01 13:45:30,119,35,5,85,26.35
2024-01-01 13:46:00,151,50,6,132,23.7
2024-01-01 13:46:30,137,43,6,123,20.5
2024-01-01 13:47:00,152,49,7,121,21.38
2024-01-01 13:47:30,140,40,9,125,23.44
2024-01-01 13:48:00,124,36,8,70,22.5
2024-01-01 13:48:30,143,48,9,113,21.79
2024-01-01 13:49:00,116,24,7,85,22.83
2024-01-01 13:49:30,139,41,8,120,19.13
2024-01-01 13:50:00,146,36,7,123,22.86
2024-01-01 13:50:30,127,35,6,124,24.91
2024-01-01 13:51:00,140,47,5,113,21.44
2024-01-01 13:51:30,132,32,5,134,24.21
2024-01-01 13:52:00,114,33,7,101,16.99
2024-01-01 13:52:30,135,45,8,104,26.51
2024-01-01 13:53:00,130,33,3,109,26.65
2024-01-01 13:53:30,129,43,4,106,21.83
2024-01-01 13:54:00,146,40,6,125,23.53
2024-01-01 13:54:30,126,31,4,81,20.45
2024-01-01 13:55:00,146,43,8,123,21.86
2024-01-01 13:55:30,145,45,8,133,19.16
2024-01-01 13:56:00,138,36,5,109,28.48
2024-01-01 13:56:30,136,39,10,107,21.59
2024-01-01 13:57:00,124,44,4,112,23.62
2024-01-01 13:57:30,122,39,5,105,23.4
2024-01-01 13:58:00,112,22,4,91,16.71
2024-01-01 13:58:30,126,41,4,92,19.22
2024-01-01 13:59:00,133,28,4,119,23.2
2024-01-01 13:59:30,132,37,6,128,25.04
2024-01-01 14:00:00,474,142,19,382,26.09
2024-01-01 14:00:30,456,146,22,357,20.27
2024-01-01 14:01:00,467,150,22,374,24.19
2024-01-01 14:01:30,474,136,25,398,18.78
2024-01-01 14:02:00,445,128,21,364,18.26
2024-01-01 14:02:30,463,132,23,329,22.98
2024-01-01 14:03:00,480,138,26,427,21.23
2024-01-01 14:03:30,453,126,19,350,22.09
2024-01-01 14:04:00,456,135,23,363,22.19
2024-01-01 14:04:30,452,129,22,363,26.04
2024-01-01 14:05:00,459,142,22,369,23.52
2024-01-01 14:05:30,441,125,20,353,22.3
2024-01-01 14:06:00,472,140,27,356,23.36
2024-01-01 14:06:30,464,143,18,382,22.99
2024-01-01 14:07:00,464,131,17,398,20.27
2024-01-01 14:07:30,454,124,21,379,21.77
2024-01-01 14:08:00,437,134,21,345,16.28
2024-01-01 14:08:30,463,138,21,356,19.44
2024-01-01 14:09:00,450,133,20,357,23.04
2024-01-01 14:09:30,485,144,20,398,22.68
2024-01-01 14:10:00,462,131,23,378,76.19
2024-01-01 14:10:30,449,136,20,335,74.6
2024-01-01 14:11:00,463,142,24,333,74.52
2024-01-01 14:11:30,450,141,22,384,78.25
2024-01-01 14:12:00,467,142,24,386,77.67
2024-01-01 14:12:30,427,127,23,315,75.72
2024-01-01 14:13:00,466,142,20,411,78.01
2024-01-01 14:13:30,460,140,21,352,74.96
2024-01-01 14:14:00,453,129,24,361,74.03
2024-01-01 14:14:30,462,138,23,382,77.99
2024-01-01 14:15:00,456,144,24,371,75.29
2024-01-01 14:15:30,447,127,21,394,74.68
2024-01-01 14:16:00,446,141,21,368,77.99
2024-01-01 14:16:30,459,135,23,351,75.21
2024-01-01 14:17:00,462,138,23,405,78.14
2024-01-01 14:17:30,450,132,20,382,78.27
2024-01-01 14:18:00,456,136,24,411,72.54
2024-01-01 14:18:30,443,128,19,382,76.34
2024-01-01 14:19:00,451,139,24,356,76.87
2024-01-01 14:19:30,430,124,25,323,82.35
2024-01-01 14:20:00,458,133,24,344,76.89
2024-01-01 14:20:30,480,142,26,353,75.58
2024-01-01 14:21:00,461,126,24,377,81.16
2024-01-01 14:21:30,478,135,23,360,74.63
2024-01-01 14:22:00,468,133,22,365,79.1
2024-01-01 14:22:30,448,134,20,309,69.97
2024-01-01 14:23:00,432,126,21,344,79.75
2024-01-01 14:23:30,467,141,21,365,74.47
2024-01-01 14:24:00,448,141,21,365,74.94
2024-01-01 14:24:30,457,131,21,379,78.08
2024-01-01 14:25:00,451,144,21,403,77.06
2024-01-01 14:25:30,451,135,22,365,75.38
2024-01-01 14:26:00,481,139,27,393,72.98
2024-01-01 14:26:30,451,136,17,326,79.48
2024-01-01 14:27:00,473,147,21,373,77.87
2024-01-01 14:27:30,458,144,25,401,73.65
2024-01-01 14:28:00,452,126,23,362,71.3
2024-01-01 14:28:30,457,134,23,354,72.83
2024-01-01 14:29:00,454,150,22,351,75.31
2024-01-01 14:29:30,438,129,21,328,68.91
2024-01-01 14:30:00,466,137,20,392,75.62
2024-01-01 14:30:30,458,140,22,341,82.55
2024-01-01 14:31:00,446,137,21,347,80.25
2024-01-01 14:31:30,462,137,24,347,78.23
2024-01-01 14:32:00,471,144,21,384,80.17
2024-01-01 14:32:30,457,138,23,386,75.14
2024-01-01 14:33:00,462,140,21,325,71.25
2024-01-01 14:33:30,457,130,22,361,79.14
2024-01-01 14:34:00,454,134,17,378,73.09
2024-01-01 14:34:30,454,145,23,332,76.85
2024-01-01 14:35:00,471,140,22,391,75.05
2024-01-01 14:35:30,444,134,20,350,77.47
2024-01-01 14:36:00,453,143,22,383,77.64
2024-01-01 14:36:30,456,125,24,365,73.99
2024-01-01 14:37:00,450,132,20,354,77.88
2024-01-01 14:37:30,477,143,23,387,74.75
2024-01-01 14:38:00,471,137,23,367,73.22
2024-01-01 14:38:30,456,137,22,400,74.3
2024-01-01 14:39:00,466,129,27,353,77.22
2024-01-01 14:39:30,457,134,21,370,69.98
2024-01-01 14:40:00,462,136,25,386,76.29
2024-01-01 14:40:30,463,151,25,340,75.38
2024-01-01 14:41:00,452,150,21,367,73.55
2024-01-01 14:41:30,446,131,22,323,75.29
2024-01-01 14:42:00,468,133,22,341,78.72
2024-01-01 14:42:30,466,136,24,354,78.63
2024-01-01 14:43:00,475,149,24,399,78.52
2024-01-01 14:43:30,466,142,21,363,77.5
2024-01-01 14:44:00,464,144,19,371,74.85
2024-01-01 14:44:30,430,127,21,335,75.77
2024-01-01 14:45:00,456,140,19,381,80.71
2024-01-01 14:45:30,459,133,25,361,73.16
2024-01-01 14:46:00,484,153,23,376,76.84
2024-01-01 14:46:30,450,136,24,331,77.31
2024-01-01 14:47:00,458,138,21,322,73.13
2024-01-01 14:47:30,468,137,22,360,78.5
2024-01-01 14:48:00,459,137,23,361,77.32
2024-01-01 14:48:30,446,135,22,331,77.29
2024-01-01 14:49:00,462,145,25,349,78.43
2024-01-01 14:49:30,460,136,25,387,76.01
2024-01-01 14:50:00,454,133,21,391,77.4
2024-01-01 14:50:30,465,146,21,395,76.59
2024-01-01 14:51:00,480,146,24,365,76.39
2024-01-01 14:51:30,452,130,22,365,71.42
2024-01-01 14:52:00,437,125,21,346,80.48
2024-01-01 14:52:30,470,141,25,398,76.92
2024-01-01 14:53:00,446,133,22,369,79.07
2024-01-01 14:53:30,461,139,19,337,74.9
2024-01-01 14:54:00,469,146,21,397,77.69
2024-01-01 14:54:30,475,137,22,354,68.22
2024-01-01 14:55:00,462,139,23,345,77.26
2024-01-01 14:55:30,473,141,21,325,73.84
2024-01-01 14:56:00,463,147,22,382,80.27
2024-01-01 14:56:30,459,123,27,366,72.15
2024-01-01 14:57:00,458,134,16,347,79.17
2024-01-01 14:57:30,463,132,26,382,79.35
2024-01-01 14:58:00,454,131,26,365,80.38
2024-01-01 14:58:30,454,138,21,366,73.59
2024-01-01 14:59:00,456,138,24,358,76.43
2024-01-01 14:59:30,459,132,23,369,75.93
2024-01-01 15:00:00,110,27,6,67,74.14
2024-01-01 15:00:30,82,12,6,34,77.49
2024-01-01 15:01:00,104,40,4,105,81.13
2024-01-01 15:01:30,104,34,4,66,77.62
2024-01-01 15:02:00,85,30,1,65,73.87
2024-01-01 15:02:30,107,35,4,105,80.61
2024-01-01 15:03:00,81,24,1,31,74.39
2024-01-01 15:03:30,103,17,6,79,78.22
2024-01-01 15:04:00,107,38,7,95,80.55
2024-01-01 15:04:30,117,43,6,126,78.67
2024-01-01 15:05:00,96,32,3,90,80.25
2024-01-01 15:05:30,98,28,6,35,72.41
2024-01-01 15:06:00,105,31,6,89,79.3
2024-01-01 15:06:30,98,32,5,28,74.46
2024-01-01 15:07:00,104,41,4,108,76.85
2024-01-01 15:07:30,110,25,5,70,76.34
2024-01-01 15:08:00,82,22,4,59,75.87
2024-01-01 15:08:30,102,28,8,78,73.63
2024-01-01 15:09:00,103,40,3,89,76.62
2024-01-01 15:09:30,86,33,6,77,75.59
2024-01-01 15:10:00,92,27,1,104,19.84
2024-01-01 15:10:30,107,29,7,103,11.07
2024-01-01 15:11:00,88,30,5,46,13.83
2024-01-01 15:11:30,97,21,5,60,18.87
2024-01-01 15:12:00,113,31,6,95,15.46
2024-01-01 15:12:30,97,30,3,58,16.89
2024-01-01 15:13:00,98,32,4,72,15.32
2024-01-01 15:13:30,102,34,4,82,15.41
2024-01-01 15:14:00,80,22,5,67,18.71
2024-01-01 15:14:30,112,36,6,84,19.13
2024-01-01 15:15:00,92,27,4,90,16.74
2024-01-01 15:15:30,76,16,3,67,21.29
2024-01-01 15:16:00,96,24,4,101,14.18
2024-01-01 15:16:30,116,30,5,92,15.27
2024-01-01 15:17:00,96,23,4,117,15.15
2024-01-01 15:17:30,106,32,2,104,21.71
2024-01-01 15:18:00,104,29,1,109,11.08
2024-01-01 15:18:30,110,34,4,100,18.74
2024-01-01 15:19:00,93,19,4,88,16.11
2024-01-01 15:19:30,107,22,5,99,12.15
2024-01-01 15:20:00,95,25,4,55,15.04
2024-01-01 15:20:30,107,27,6,110,19.15
2024-01-01 15:21:00,92,20,3,104,12.2
2024-01-01 15:21:30,106,33,5,63,18.2
2024-01-01 15:22:00,100,31,3,74,19.55
2024-01-01 15:22:30,92,32,6,78,15.05
2024-01-01 15:23:00,114,31,6,65,17.27
2024-01-01 15:23:30,96,21,3,88,15.68
2024-01-01 15:24:00,93,18,3,87,17.35
2024-01-01 15:24:30,101,33,6,69,16.93
2024-01-01 15:25:00,94,29,6,68,16.66
2024-01-01 15:25:30,114,28,3,107,14.49
2024-01-01 15:26:00,98,26,1,93,15.34
2024-01-01 15:26:30,94,22,1,81,19.08
2024-01-01 15:27:00,86,22,3,122,19.17
2024-01-01 15:27:30,97,27,4,106,19.54
2024-01-01 15:28:00,107,28,5,84,16.25
2024-01-01 15:28:30,89,22,6,71,18.98
2024-01-01 15:29:00,91,27,2,92,16.59
2024-01-01 15:29:30,88,22,1,74,17.41
2024-01-01 15:30:00,89,27,6,92,12.77
2024-01-01 15:30:30,91,30,4,117,15.11
2024-01-01 15:31:00,100,35,2,55,12.98
2024-01-01 15:31:30,100,31,3,92,15.46
2024-01-01 15:32:00,95,24,5,91,15.09
2024-01-01 15:32:30,84,19,6,60,15.03
2024-01-01 15:33:00,89,30,4,69,16.03
2024-01-01 15:33:30,110,27,3,96,17.72
2024-01-01 15:34:00,95,31,4,43,16.26
2024-01-01 15:34:30,102,23,6,102,14.82
2024-01-01 15:35:00,89,26,5,60,15.17
2024-01-01 15:35:30,93,25,4,74,19.23
2024-01-01 15:36:00,102,30,4,52,20.0
2024-01-01 15:36:30,97,28,6,90,16.33
2024-01-01 15:37:00,102,23,6,42,15.41
2024-01-01 15:37:30,101,30,4,77,18.75
2024-01-01 15:38:00,95,28,4,54,15.54
2024-01-01 15:38:30,91,31,6,57,16.51
2024-01-01 15:39:00,82,23,4,71,14.29
2024-01-01 15:39:30,93,26,3,94,15.9
2024-01-01 15:40:00,86,18,5,78,17.02
2024-01-01 15:40:30,98,34,4,79,15.87
2024-01-01 15:41:00,86,25,7,36,19.34
2024-01-01 15:41:30,97,21,3,43,14.84
2024-01-01 15:42:00,112,32,4,104,13.61
2024-01-01 15:42:30,100,31,1,64,11.97
2024-01-01 15:43:00,104,28,6,80,11.4
2024-01-01 15:43:30,99,36,4,60,20.62
2024-01-01 15:44:00,96,29,2,87,17.32
2024-01-01 15:44:30,85,24,4,52,15.91
2024-01-01 15:45:00,117,41,2,73,14.85
2024-01-01 15:45:30,107,22,5,68,16.0
2024-01-01 15:46:00,102,39,8,115,15.42
2024-01-01 15:46:30,84,31,3,82,15.21
2024-01-01 15:47:00,106,27,4,77,16.64
2024-01-01 15:47:30,85,27,4,45,14.43
2024-01-01 15:48:00,112,30,2,99,14.27
2024-01-01 15:48:30,102,28,4,55,13.26
2024-01-01 15:49:00,102,36,2,107,16.26
2024-01-01 15:49:30,82,27,2,28,16.95
2024-01-01 15:50:00,87,29,4,50,15.92
2024-01-01 15:50:30,102,26,6,96,15.94
2024-01-01 15:51:00,101,41,7,104,11.56
2024-01-01 15:51:30,81,12,4,67,17.61
2024-01-01 15:52:00,94,29,5,80,22.82
2024-01-01 15:52:30,70,17,3,36,19.22
2024-01-01 15:53:00,97,34,4,84,19.07
2024-01-01 15:53:30,105,37,6,87,12.61
2024-01-01 15:54:00,101,27,5,77,16.41
2024-01-01 15:54:30,88,20,2,47,10.4
2024-01-01 15:55:00,77,24,8,75,18.86
2024-01-01 15:55:30,97,36,4,78,17.71
2024-01-01 15:56:00,81,27,4,77,15.87
2024-01-01 15:56:30,95,26,5,52,15.59
2024-01-01 15:57:00,105,32,5,86,16.63
2024-01-01 15:57:30,108,23,4,66,14.71
2024-01-01 15:58:00,90,33,4,101,21.58
2024-01-01 15:58:30,90,35,6,115,14.76
2024-01-01 15:59:00,89,28,7,62,13.63
2024-01-01 15:59:30,96,35,4,69,11.42
2024-01-01 16:00:00,21,9,3,-9,15.23
2024-01-01 16:00:30,20,15,-1,16,18.69
2024-01-01 16:01:00,26,12,4,10,17.92
2024-01-01 16:01:30,12,3,2,-12,13.66
2024-01-01 16:02:00,40,7,3,24,14.64
2024-01-01 16:02:30,29,1,4,30,14.04
2024-01-01 16:03:00,25,9,-1,63,16.05
2024-01-01 16:03:30,21,15,3,39,17.4
2024-01-01 16:04:00,35,14,0,22,18.28
2024-01-01 16:04:30,31,6,5,12,13.82
2024-01-01 16:05:00,27,2,3,13,15.54
2024-01-01 16:05:30,34,16,0,-5,16.15
2024-01-01 16:06:00,33,2,0,26,12.45
2024-01-01 16:06:30,34,14,0,25,16.28
2024-01-01 16:07:00,32,10,2,46,18.18
2024-01-01 16:07:30,33,6,1,59,18.71
2024-01-01 16:08:00,19,4,0,11,15.36
2024-01-01 16:08:30,39,12,0,17,17.61
2024-01-01 16:09:00,44,16,3,36,16.86
2024-01-01 16:09:30,28,14,1,32,15.54
2024-01-01 16:10:00,44,10,2,23,4.1
2024-01-01 16:10:30,28,13,1,9,2.81
2024-01-01 16:11:00,22,6,3,17,5.49
2024-01-01 16:11:30,30,4,0,-23,-2.47
2024-01-01 16:12:00,36,9,0,41,3.96
2024-01-01 16:12:30,39,5,2,18,5.8
2024-01-01 16:13:00,51,8,-2,64,5.2
2024-01-01 16:13:30,17,9,1,21,2.69
2024-01-01 16:14:00,22,12,0,-4,4.65
2024-01-01 16:14:30,36,7,2,0,1.76
2024-01-01 16:15:00,32,5,3,44,4.17
2024-01-01 16:15:30,36,8,0,11,5.15
2024-01-01 16:16:00,26,5,-1,4,4.16
2024-01-01 16:16:30,31,10,0,11,4.18
2024-01-01 16:17:00,25,11,0,8,1.28
2024-01-01 16:17:30,35,12,2,17,5.85
2024-01-01 16:18:00,30,2,1,6,4.04
2024-01-01 16:18:30,39,17,0,14,6.94
2024-01-01 16:19:00,27,9,-3,43,3.19
2024-01-01 16:19:30,8,-5,0,-12,5.74
2024-01-01 16:20:00,27,12,-2,43,9.14
2024-01-01 16:20:30,39,9,4,51,4.34
2024-01-01 16:21:00,29,3,1,34,3.07
2024-01-01 16:21:30,10,5,5,16,6.06
2024-01-01 16:22:00,16,9,-1,39,8.17
2024-01-01 16:22:30,56,12,0,9,8.24
2024-01-01 16:23:00,30,13,-2,-2,10.31
2024-01-01 16:23:30,51,12,0,17,3.2
2024-01-01 16:24:00,35,21,3,33,3.47
2024-01-01 16:24:30,10,15,0,-12,5.75
2024-01-01 16:25:00,48,12,0,30,5.03
2024-01-01 16:25:30,42,13,5,-12,8.58
2024-01-01 16:26:00,26,4,2,7,3.1
2024-01-01 16:26:30,28,7,6,32,5.3
2024-01-01 16:27:00,64,18,1,33,0.83
2024-01-01 16:27:30,28,5,1,15,2.96
2024-01-01 16:28:00,36,11,-2,13,7.88
2024-01-01 16:28:30,40,14,0,2,5.97
2024-01-01 16:29:00,29,8,1,46,3.25
2024-01-01 16:29:30,41,22,3,19,3.44
2024-01-01 16:30:00,23,5,0,-2,6.84
2024-01-01 16:30:30,17,0,4,-20,5.14
2024-01-01 16:31:00,28,9,0,0,7.63
2024-01-01 16:31:30,27,6,3,1,2.61
2024-01-01 16:32:00,30,13,2,63,1.34
2024-01-01 16:32:30,34,18,0,76,9.07
2024-01-01 16:33:00,12,3,0,14,4.0
2024-01-01 16:33:30,33,10,-1,27,9.61
2024-01-01 16:34:00,43,18,4,7,7.19
2024-01-01 16:34:30,33,15,0,17,3.59
2024-01-01 16:35:00,35,4,0,46,9.58
2024-01-01 16:35:30,45,16,0,88,5.44
2024-01-01 16:36:00,30,16,-3,28,2.16
2024-01-01 16:36:30,33,7,0,47,4.46
2024-01-01 16:37:00,23,0,1,36,17.14
2024-01-01 16:37:30,22,13,1,33,5.45
2024-01-01 16:38:00,25,10,1,10,6.89
2024-01-01 16:38:30,10,-4,0,45,3.11
2024-01-01 16:39:00,39,12,5,32,4.48
2024-01-01 16:39:30,46,6,2,18,5.96
2024-01-01 16:40:00,42,15,1,63,3.66
2024-01-01 16:40:30,33,13,5,25,0.79
2024-01-01 16:41:00,19,7,-1,-8,2.26
2024-01-01 16:41:30,38,11,1,31,3.77
2024-01-01 16:42:00,23,11,-1,49,3.3
2024-01-01 16:42:30,18,2,0,29,6.86
2024-01-01 16:43:00,34,12,0,47,0.72
2024-01-01 16:43:30,32,11,0,3,5.25
2024-01-01 16:44:00,45,17,1,29,8.69
2024-01-01 16:44:30,42,9,1,46,3.93
2024-01-01 16:45:00,36,10,-1,21,8.35
2024-01-01 16:45:30,17,13,-1,36,7.03
2024-01-01 16:46:00,41,7,0,40,4.81
2024-01-01 16:46:30,35,16,2,59,8.23
2024-01-01 16:47:00,24,10,-2,11,3.94
2024-01-01 16:47:30,35,8,0,13,1.15
2024-01-01 16:48:00,33,13,4,43,5.24
2024-01-01 16:48:30,27,20,1,29,2.61
2024-01-01 16:49:00,31,1,0,48,7.72
2024-01-01 16:49:30,29,15,1,54,7.89
2024-01-01 16:50:00,41,13,5,37,11.57
2024-01-01 16:50:30,23,-1,-1,2,5.72
2024-01-01 16:51:00,26,9,1,-21,3.77
2024-01-01 16:51:30,19,2,0,25,6.71
2024-01-01 16:52:00,32,2,3,37,4.31
2024-01-01 16:52:30,48,30,4,51,5.26
2024-01-01 16:53:00,34,11,2,30,4.47
2024-01-01 16:53:30,28,19,0,6,4.77
2024-01-01 16:54:00,32,8,0,-2,5.15
2024-01-01 16:54:30,30,13,0,63,7.45
2024-01-01 16:55:00,40,10,2,47,7.35
2024-01-01 16:55:30,27,10,1,9,1.71
2024-01-01 16:56:00,14,2,0,-30,3.61
2024-01-01 16:56:30,35,13,8,34,7.63
2024-01-01 16:57:00,33,12,1,74,6.92
2024-01-01 16:57:30,12,6,0,48,5.26
2024-01-01 16:58:00,34,12,3,19,3.74
2024-01-01 16:58:30,37,10,4,49,4.48
2024-01-01 16:59:00,24,5,0,22,8.85
2024-01-01 16:59:30,30,10,0,18,2.61
2024-01-01 17:00:00,13,4,-1,31,6.44
2024-01-01 17:00:30,34,13,2,12,2.63
2024-01-01 17:01:00,17,11,1,8,3.14
2024-01-01 17:01:30,12,2,0,-15,4.88
2024-01-01 17:02:00,22,0,0,16,1.82
2024-01-01 17:02:30,29,6,2,27,7.3
2024-01-01 17:03:00,10,7,-2,6,3.48
2024-01-01 17:03:30,13,0,0,9,5.57
2024-01-01 17:04:00,38,10,3,36,0.39
2024-01-01 17:04:30,23,6,-2,12,4.19
2024-01-01 17:05:00,20,5,0,14,9.18
2024-01-01 17:05:30,20,15,3,-2,2.37
2024-01-01 17:06:00,9,6,-2,13,0.36
2024-01-01 17:06:30,25,21,2,40,3.66
2024-01-01 17:07:00,28,17,-1,35,7.67
2024-01-01 17:07:30,20,3,-1,59,2.07
2024-01-01 17:08:00,23,5,1,14,3.76
2024-01-01 17:08:30,24,17,-1,21,5.08
2024-01-01 17:09:00,19,2,-1,-25,2.29
2024-01-01 17:09:30,22,4,6,50,1.22
2024-01-01 17:10:00,42,13,1,24,0.36
2024-01-01 17:10:30,47,14,6,11,4.88
2024-01-01 17:11:00,23,1,3,15,3.25
2024-01-01 17:11:30,29,5,3,40,1.22
2024-01-01 17:12:00,16,8,-2,21,2.95
2024-01-01 17:12:30,19,6,0,-26,5.11
2024-01-01 17:13:00,14,8,-1,36,3.43
2024-01-01 17:13:30,11,-1,-2,31,3.1
2024-01-01 17:14:00,10,4,0,7,6.7
2024-01-01 17:14:30,28,5,3,39,3.27
2024-01-01 17:15:00,11,3,0,9,5.27
2024-01-01 17:15:30,15,-2,0,15,-0.13
2024-01-01 17:16:00,28,7,2,29,2.77
2024-01-01 17:16:30,12,-1,0,6,3.63
2024-01-01 17:17:00,29,10,2,30,3.83
2024-01-01 17:17:30,18,0,1,46,2.43
2024-01-01 17:18:00,19,4,-1,21,2.72
2024-01-01 17:18:30,35,7,1,35,2.22
2024-01-01 17:19:00,29,1,0,-9,5.24
2024-01-01 17:19:30,16,6,3,34,4.38
2024-01-01 17:20:00,2,0,1,-15,6.78
2024-01-01 17:20:30,15,13,-1,13,8.58
2024-01-01 17:21:00,18,7,1,10,6.08
2024-01-01 17:21:30,34,9,0,52,4.09
2024-01-01 17:22:00,19,5,0,22,4.8
2024-01-01 17:22:30,35,9,2,54,3.8
2024-01-01 17:23:00,29,1,0,15,5.44
2024-01-01 17:23:30,8,9,3,-19,3.03
2024-01-01 17:24:00,4,0,0,35,-0.48
2024-01-01 17:24:30,14,0,-1,2,6.62
2024-01-01 17:25:00,27,8,2,7,4.9
2024-01-01 17:25:30,31,6,0,5,2.19
2024-01-01 17:26:00,27,7,0,26,3.76
2024-01-01 17:26:30,17,6,0,-10,4.37
2024-01-01 17:27:00,19,5,0,9,4.45
2024-01-01 17:27:30,12,-2,1,19,5.08
2024-01-01 17:28:00,13,0,0,30,2.65
2024-01-01 17:28:30,37,13,3,37,2.54
2024-01-01 17:29:00,9,2,-1,-10,1.78
2024-01-01 17:29:30,32,6,-1,70,1.49
2024-01-01 17:30:00,23,7,0,0,-0.26
2024-01-01 17:30:30,17,10,0,8,2.39
2024-01-01 17:31:00,16,10,2,14,2.37
2024-01-01 17:31:30,11,2,-1,-18,6.81
2024-01-01 17:32:00,14,11,5,30,2.16
2024-01-01 17:32:30,19,3,4,12,3.6
2024-01-01 17:33:00,29,7,2,4,6.61
2024-01-01 17:33:30,25,7,-1,35,1.04
2024-01-01 17:34:00,30,17,0,35,4.17
2024-01-01 17:34:30,24,4,0,16,4.71
2024-01-01 17:35:00,14,0,-2,39,4.92
2024-01-01 17:35:30,44,7,1,33,4.42
2024-01-01 17:36:00,23,3,1,13,3.49
2024-01-01 17:36:30,30,7,3,27,2.07
2024-01-01 17:37:00,16,-4,1,27,1.34
2024-01-01 17:37:30,18,10,0,-24,-0.53
2024-01-01 17:38:00,12,7,1,3,0.98
2024-01-01 17:38:30,0,7,-2,29,7.81
2024-01-01 17:39:00,35,14,2,39,2.31
2024-01-01 17:39:30,17,-2,2,35,8.99
2024-01-01 17:40:00,3,-1,0,32,4.25
2024-01-01 17:40:30,25,0,0,49,0.16
2024-01-01 17:41:00,18,10,0,8,-0.96
2024-01-01 17:41:30,19,11,2,21,0.69
2024-01-01 17:42:00,29,10,3,17,-0.88
2024-01-01 17:42:30,33,5,3,21,0.73
2024-01-01 17:43:00,11,7,-1,7,1.52
2024-01-01 17:43:30,31,3,2,13,7.55
2024-01-01 17:44:00,35,8,4,23,9.14
2024-01-01 17:44:30,19,22,1,31,3.04
2024-01-01 17:45:00,32,12,2,72,4.49
2024-01-01 17:45:30,23,5,0,37,5.66
2024-01-01 17:46:00,41,11,4,67,2.56
2024-01-01 17:46:30,19,6,2,-16,4.36
2024-01-01 17:47:00,19,-1,-3,-23,2.91
2024-01-01 17:47:30,10,-3,-1,30,2.04
2024-01-01 17:48:00,9,3,2,-2,4.72
2024-01-01 17:48:30,30,4,0,7,-1.24
2024-01-01 17:49:00,16,6,0,58,8.06
2024-01-01 17:49:30,29,10,1,11,0.74
2024-01-01 17:50:00,18,4,-1,22,-1.0
2024-01-01 17:50:30,41,13,5,38,5.9
2024-01-01 17:51:00,36,13,0,42,0.68
2024-01-01 17:51:30,27,6,0,62,2.43
2024-01-01 17:52:00,31,9,0,14,3.73
2024-01-01 17:52:30,37,11,2,14,0.99
2024-01-01 17:53:00,25,6,1,11,1.25
2024-01-01 17:53:30,14,3,0,22,6.08
2024-01-01 17:54:00,35,15,2,27,7.48
2024-01-01 17:54:30,12,7,-3,32,3.31
2024-01-01 17:55:00,37,13,1,-6,4.36
2024-01-01 17:55:30,27,10,3,25,2.52
2024-01-01 17:56:00,37,11,0,-15,3.43
2024-01-01 17:56:30,14,6,0,3,3.66
2024-01-01 17:57:00,13,2,0,3,1.03
2024-01-01 17:57:30,19,-1,1,41,2.54
2024-01-01 17:58:00,21,6,3,7,2.74
2024-01-01 17:58:30,23,9,0,-9,4.45
2024-01-01 17:59:00,37,14,4,6,0.13
2024-01-01 17:59:30,26,5,0,-11,0.85
2024-01-01 18:00:00,27,9,3,29,0.74
2024-01-01 18:00:30,25,5,0,8,8.72
2024-01-01 18:01:00,36,21,3,38,7.35
2024-01-01 18:01:30,20,1,1,34,8.72
2024-01-01 18:02:00,14,8,3,8,4.25
2024-01-01 18:02:30,17,2,1,19,7.36
2024-01-01 18:03:00,13,7,-1,34,0.9
2024-01-01 18:03:30,17,17,1,28,1.98
2024-01-01 18:04:00,22,0,-2,0,5.68
2024-01-01 18:04:30,18,14,0,37,2.46
2024-01-01 18:05:00,22,7,0,45,1.98
2024-01-01 18:05:30,30,11,2,64,5.52
2024-01-01 18:06:00,19,0,1,18,3.77
2024-01-01 18:06:30,26,5,1,11,-0.27
2024-01-01 18:07:00,12,4,2,-8,-0.22
2024-01-01 18:07:30,0,1,1,-23,4.85
2024-01-01 18:08:00,23,15,0,8,3.91
2024-01-01 18:08:30,28,0,1,3,3.16
2024-01-01 18:09:00,38,16,3,41,3.81
2024-01-01 18:09:30,26,13,2,36,5.83
2024-01-01 18:10:00,8,3,2,-15,3.08
2024-01-01 18:10:30,22,-1,1,-22,2.02
2024-01-01 18:11:00,14,13,1,26,6.32
2024-01-01 18:11:30,11,4,1,-12,2.33
2024-01-01 18:12:00,15,11,-1,8,4.15
2024-01-01 18:12:30,1,1,0,-11,0.95
2024-01-01 18:13:00,0,10,3,1,5.09
2024-01-01 18:13:30,22,9,0,11,1.02
2024-01-01 18:14:00,12,3,1,5,5.33
2024-01-01 18:14:30,15,3,-2,4,2.78
2024-01-01 18:15:00,22,8,3,18,8.31
2024-01-01 18:15:30,0,4,0,-2,5.37
2024-01-01 18:16:00,0,-1,-1,17,2.47
2024-01-01 18:16:30,5,-4,-3,-39,3.03
2024-01-01 18:17:00,30,1,1,0,3.97
2024-01-01 18:17:30,24,10,3,1,-0.95
2024-01-01 18:18:00,17,4,0,9,2.4
2024-01-01 18:18:30,14,0,3,15,4.06
2024-01-01 18:19:00,4,-1,1,7,6.08
2024-01-01 18:19:30,20,5,2,24,5.32
2024-01-01 18:20:00,8,0,3,31,-1.38
2024-01-01 18:20:30,7,-1,0,21,0.37
2024-01-01 18:21:00,20,4,-1,26,-0.11
2024-01-01 18:21:30,22,15,3,39,-1.26
2024-01-01 18:22:00,20,1,-2,44,2.79
2024-01-01 18:22:30,18,3,2,-15,2.16
2024-01-01 18:23:00,3,6,0,24,1.29
2024-01-01 18:23:30,8,8,0,10,5.81
2024-01-01 18:24:00,29,4,4,7,-0.59
2024-01-01 18:24:30,15,1,1,18,0.32
2024-01-01 18:25:00,20,4,1,-6,2.47
2024-01-01 18:25:30,8,2,0,-13,2.32
2024-01-01 18:26:00,24,10,2,41,-0.78
2024-01-01 18:26:30,16,11,2,28,-0.8
2024-01-01 18:27:00,24,13,0,5,4.95
2024-01-01 18:27:30,41,9,0,32,2.86
2024-01-01 18:28:00,22,6,0,60,2.83
2024-01-01 18:28:30,18,3,1,33,2.89
2024-01-01 18:29:00,13,-1,0,2,2.44
2024-01-01 18:29:30,9,5,1,12,2.38
2024-01-01 18:30:00,12,3,3,4,-0.12
2024-01-01 18:30:30,0,-4,-1,-15,0.71
2024-01-01 18:31:00,20,1,-2,32,2.18
2024-01-01 18:31:30,29,2,0,36,2.25
2024-01-01 18:32:00,17,10,1,-3,5.01
2024-01-01 18:32:30,24,8,1,2,4.32
2024-01-01 18:33:00,24,3,0,21,-0.34
2024-01-01 18:33:30,28,3,0,2,2.08
2024-01-01 18:34:00,32,7,1,19,4.76
2024-01-01 18:34:30,18,0,0,29,0.84
2024-01-01 18:35:00,33,13,-3,52,5.08
2024-01-01 18:35:30,8,-2,-2,-17,2.33
2024-01-01 18:36:00,19,7,3,-10,5.36
2024-01-01 18:36:30,23,11,-4,6,2.31
2024-01-01 18:37:00,18,14,0,11,4.98
2024-01-01 18:37:30,20,4,2,53,4.53
2024-01-01 18:38:00,23,3,-1,7,4.79
2024-01-01 18:38:30,22,9,2,10,3.0
2024-01-01 18:39:00,13,0,0,16,3.84
2024-01-01 18:39:30,34,16,2,29,0.39
2024-01-01 18:40:00,24,9,1,33,2.52
2024-01-01 18:40:30,23,10,0,21,-0.55
2024-01-01 18:41:00,10,4,0,-11,4.03
2024-01-01 18:41:30,45,13,0,21,4.73
2024-01-01 18:42:00,26,12,1,8,3.04
2024-01-01 18:42:30,34,13,1,23,3.51
2024-01-01 18:43:00,37,14,0,-8,3.14
2024-01-01 18:43:30,15,8,0,-38,3.24
2024-01-01 18:44:00,0,-5,1,16,7.65
2024-01-01 18:44:30,21,10,1,2,2.72
2024-01-01 18:45:00,40,17,-1,21,7.57
2024-01-01 18:45:30,13,-4,-2,4,-1.47
2024-01-01 18:46:00,6,4,1,-50,0.9
2024-01-01 18:46:30,35,10,0,35,4.2
2024-01-01 18:47:00,24,3,0,25,5.02
2024-01-01 18:47:30,13,2,2,1,0.77
2024-01-01 18:48:00,9,1,-2,4,3.24
2024-01-01 18:48:30,28,0,1,8,3.4
2024-01-01 18:49:00,15,11,0,-16,4.59
2024-01-01 18:49:30,11,-4,3,-16,6.21
2024-01-01 18:50:00,13,-3,0,50,7.35
2024-01-01 18:50:30,25,-4,2,-4,6.86
2024-01-01 18:51:00,21,1,0,9,1.38
2024-01-01 18:51:30,1,-6,2,3,7.48
2024-01-01 18:52:00,30,11,1,18,4.05
2024-01-01 18:52:30,28,16,-1,5,6.06
2024-01-01 18:53:00,5,10,3,2,7.19
2024-01-01 18:53:30,25,7,2,41,3.23
2024-01-01 18:54:00,29,2,2,39,0.59
2024-01-01 18:54:30,23,5,1,53,3.37
2024-01-01 18:55:00,28,5,3,7,5.28
2024-01-01 18:55:30,12,8,0,18,5.06
2024-01-01 18:56:00,10,-1,0,17,-0.55
2024-01-01 18:56:30,27,13,1,21,3.86
2024-01-01 18:57:00,18,4,0,1,2.45
2024-01-01 18:57:30,30,11,1,55,-0.29
2024-01-01 18:58:00,29,4,2,41,1.67
2024-01-01 18:58:30,14,10,2,1,0.16
2024-01-01 18:59:00,18,14,0,25,2.79
2024-01-01 18:59:30,19,6,4,10,2.06
2024-01-01 19:00:00,27,7,2,29,3.0
2024-01-01 19:00:30,25,0,0,12,3.64
2024-01-01 19:01:00,2,8,0,-10,3.16
2024-01-01 19:01:30,14,5,1,26,-1.89
2024-01-01 19:02:00,39,10,2,14,9.72
2024-01-01 19:02:30,28,0,0,19,4.74
2024-01-01 19:03:00,33,15,1,53,-0.81
2024-01-01 19:03:30,17,1,0,1,3.29
2024-01-01 19:04:00,22,1,3,45,3.02
2024-01-01 19:04:30,17,-1,3,10,2.52
2024-01-01 19:05:00,24,7,5,26,4.81
2024-01-01 19:05:30,32,4,3,20,1.72
2024-01-01 19:06:00,22,1,2,-1,2.71
2024-01-01 19:06:30,25,7,3,22,6.26
2024-01-01 19:07:00,13,4,0,-16,2.69
2024-01-01 19:07:30,11,5,0,-9,2.82
2024-01-01 19:08:00,16,6,0,-25,4.49
2024-01-01 19:08:30,39,8,2,25,5.32
2024-01-01 19:09:00,13,2,-3,61,2.54
2024-01-01 19:09:30,14,-5,0,20,4.72
2024-01-01 19:10:00,35,16,2,37,6.23
2024-01-01 19:10:30,29,19,2,18,5.93
2024-01-01 19:11:00,35,6,0,43,1.64
2024-01-01 19:11:30,37,6,2,49,0.84
2024-01-01 19:12:00,26,4,0,56,4.62
2024-01-01 19:12:30,28,12,0,28,4.08
2024-01-01 19:13:00,32,17,0,13,6.93
2024-01-01 19:13:30,21,3,1,-3,5.22
2024-01-01 19:14:00,44,7,3,61,4.15
2024-01-01 19:14:30,42,13,4,44,2.78
2024-01-01 19:15:00,21,6,3,25,1.39
2024-01-01 19:15:30,23,6,4,10,4.68
2024-01-01 19:16:00,7,3,3,-7,-0.56
2024-01-01 19:16:30,18,2,1,40,4.39
2024-01-01 19:17:00,22,-1,1,2,2.02
2024-01-01 19:17:30,24,16,-1,-8,-0.49
2024-01-01 19:18:00,23,4,3,7,5.27
2024-01-01 19:18:30,30,13,-2,8,8.47
2024-01-01 19:19:00,38,15,2,13,1.09
2024-01-01 19:19:30,34,16,1,40,6.6
2024-01-01 19:20:00,31,24,2,-19,8.36
2024-01-01 19:20:30,14,8,1,39,2.86
2024-01-01 19:21:00,6,-2,0,-8,7.03
2024-01-01 19:21:30,12,2,2,35,7.26
2024-01-01 19:22:00,30,19,3,30,1.32
2024-01-01 19:22:30,12,6,0,29,6.53
2024-01-01 19:23:00,33,9,2,24,6.47
2024-01-01 19:23:30,24,0,-1,19,1.44
2024-01-01 19:24:00,31,8,0,18,8.43
2024-01-01 19:24:30,14,11,4,45,8.89
2024-01-01 19:25:00,5,0,0,17,3.69
2024-01-01 19:25:30,22,11,1,22,1.95
2024-01-01 19:26:00,16,6,0,9,4.98
2024-01-01 19:26:30,42,15,2,53,4.21
2024-01-01 19:27:00,24,7,1,1,3.07
2024-01-01 19:27:30,25,10,0,-6,3.93
2024-01-01 19:28:00,22,12,0,18,3.45
2024-01-01 19:28:30,9,4,0,3,8.37
2024-01-01 19:29:00,26,7,0,19,2.26
2024-01-01 19:29:30,13,0,0,9,3.46
2024-01-01 19:30:00,29,17,2,34,3.1
2024-01-01 19:30:30,26,15,3,19,-0.14
2024-01-01 19:31:00,24,14,3,44,2.82
2024-01-01 19:31:30,20,4,2,29,3.2
2024-01-01 19:32:00,27,1,3,-11,3.88
2024-01-01 19:32:30,24,-1,2,16,5.69
2024-01-01 19:33:00,18,7,1,49,7.4
2024-01-01 19:33:30,27,10,0,43,4.83
2024-01-01 19:34:00,42,14,1,40,3.04
2024-01-01 19:34:30,38,13,2,6,1.82
2024-01-01 19:35:00,16,19,0,9,0.05
2024-01-01 19:35:30,9,3,0,6,-0.29
2024-01-01 19:36:00,42,2,0,49,6.06
2024-01-01 19:36:30,12,0,0,54,7.63
2024-01-01 19:37:00,15,1,1,18,3.08
2024-01-01 19:37:30,15,9,0,19,6.1
2024-01-01 19:38:00,23,7,0,46,7.28
2024-01-01 19:38:30,15,8,0,-16,1.08
2024-01-01 19:39:00,21,0,0,-5,2.8
2024-01-01 19:39:30,22,1,5,26,2.94
2024-01-01 19:40:00,22,7,1,46,5.96
2024-01-01 19:40:30,18,16,4,9,-0.98
2024-01-01 19:41:00,23,12,1,12,8.3
2024-01-01 19:41:30,18,2,0,43,2.17
2024-01-01 19:42:00,24,6,1,34,3.87
2024-01-01 19:42:30,6,10,0,38,1.63
2024-01-01 19:43:00,36,4,2,43,3.96
2024-01-01 19:43:30,30,6,3,21,4.98
2024-01-01 19:44:00,37,20,1,7,7.41
2024-01-01 19:44:30,14,0,2,52,6.65
2024-01-01 19:45:00,33,15,3,26,-0.02
2024-01-01 19:45:30,20,13,0,3,2.77
2024-01-01 19:46:00,29,8,0,-16,7.28
2024-01-01 19:46:30,29,10,0,32,0.7
2024-01-01 19:47:00,27,4,2,32,0.21
2024-01-01 19:47:30,12,8,2,-6,-1.32
2024-01-01 19:48:00,36,6,0,-16,4.85
2024-01-01 19:48:30,10,5,-1,17,2.96
2024-01-01 19:49:00,17,0,-2,-11,1.82
2024-01-01 19:49:30,17,1,0,28,3.76
2024-01-01 19:50:00,14,4,0,1,3.28
2024-01-01 19:50:30,12,6,1,19,5.62
2024-01-01 19:51:00,14,9,0,19,5.65
2024-01-01 19:51:30,7,11,0,-3,2.37
2024-01-01 19:52:00,28,13,0,26,2.95
2024-01-01 19:52:30,12,7,2,11,1.11
2024-01-01 19:53:00,20,5,3,12,3.8
2024-01-01 19:53:30,32,9,2,4,2.08
2024-01-01 19:54:00,19,6,1,41,2.71
2024-01-01 19:54:30,21,9,0,8,1.31
2024-01-01 19:55:00,3,-2,-1,1,5.51
2024-01-01 19:55:30,18,0,4,-2,4.17
2024-01-01 19:56:00,20,6,1,16,3.92
2024-01-01 19:56:30,27,11,4,10,6.33
2024-01-01 19:57:00,27,10,1,1,1.22
2024-01-01 19:57:30,24,5,-2,-18,6.96
2024-01-01 19:58:00,10,3,0,53,8.04
2024-01-01 19:58:30,25,1,1,17,4.3
2024-01-01 19:59:00,13,0,0,28,1.52
2024-01-01 19:59:30,15,5,3,-26,3.56
2024-01-01 20:00:00,17,-1,3,9,3.05
2024-01-01 20:00:30,31,17,2,19,0.3
2024-01-01 20:01:00,24,5,0,14,-1.91
2024-01-01 20:01:30,31,12,2,29,3.52
2024-01-01 20:02:00,31,14,-4,6,3.61
2024-01-01 20:02:30,45,23,0,36,0.81
2024-01-01 20:03:00,30,5,1,24,5.86
2024-01-01 20:03:30,26,9,0,19,5.15
2024-01-01 20:04:00,47,10,2,28,2.94
2024-01-01 20:04:30,19,4,3,34,1.87
2024-01-01 20:05:00,34,6,2,23,1.36
2024-01-01 20:05:30,26,11,0,14,3.44
2024-01-01 20:06:00,44,10,0,24,3.19
2024-01-01 20:06:30,39,3,0,20,2.62
2024-01-01 20:07:00,21,11,3,32,4.02
2024-01-01 20:07:30,17,-1,0,-27,4.77
2024-01-01 20:08:00,20,5,0,-26,7.26
2024-01-01 20:08:30,46,11,5,36,3.61
2024-01-01 20:09:00,43,15,1,-5,3.06
2024-01-01 20:09:30,34,13,3,27,-0.57
2024-01-01 20:10:00,24,13,0,15,4.55
2024-01-01 20:10:30,36,20,-3,14,5.71
2024-01-01 20:11:00,20,2,-2,28,8.72
2024-01-01 20:11:30,33,4,1,26,3.48
2024-01-01 20:12:00,32,2,2,44,3.61
2024-01-01 20:12:30,20,2,2,22,7.98
2024-01-01 20:13:00,21,6,1,15,6.09
2024-01-01 20:13:30,27,12,1,37,8.94
2024-01-01 20:14:00,44,19,3,21,5.73
2024-01-01 20:14:30,32,7,4,22,2.29
2024-01-01 20:15:00,33,11,0,4,8.63
2024-01-01 20:15:30,36,14,4,47,4.98
2024-01-01 20:16:00,23,5,4,11,8.0
2024-01-01 20:16:30,24,10,0,36,6.58
2024-01-01 20:17:00,27,5,4,-13,3.14
2024-01-01 20:17:30,50,16,6,19,3.89
2024-01-01 20:18:00,44,15,1,28,0.96
2024-01-01 20:18:30,19,-7,0,1,7.49
2024-01-01 20:19:00,42,9,2,54,9.04
2024-01-01 20:19:30,9,8,0,-18,7.81
2024-01-01 20:20:00,15,5,0,19,3.7
2024-01-01 20:20:30,46,2,0,23,7.27
2024-01-01 20:21:00,18,-2,0,5,6.27
2024-01-01 20:21:30,35,11,2,26,3.63
2024-01-01 20:22:00,7,4,-1,35,5.95
2024-01-01 20:22:30,10,3,3,16,3.78
2024-01-01 20:23:00,20,11,1,12,7.42
2024-01-01 20:23:30,31,9,0,42,4.8
2024-01-01 20:24:00,41,8,4,35,9.79
2024-01-01 20:24:30,38,12,3,-1,10.82
2024-01-01 20:25:00,19,5,4,43,7.4
2024-01-01 20:25:30,11,2,-2,8,5.8
2024-01-01 20:26:00,26,-4,0,0,3.85
2024-01-01 20:26:30,26,14,2,0,4.55
2024-01-01 20:27:00,29,7,2,62,7.17
2024-01-01 20:27:30,46,12,0,16,7.43
2024-01-01 20:28:00,29,11,0,45,8.12
2024-01-01 20:28:30,9,0,-3,29,3.27
2024-01-01 20:29:00,25,10,1,31,8.55
2024-01-01 20:29:30,31,20,0,44,-1.48
2024-01-01 20:30:00,14,11,-5,15,3.05
2024-01-01 20:30:30,28,22,0,17,6.06
2024-01-01 20:31:00,32,5,-1,-29,5.88
2024-01-01 20:31:30,20,4,-2,-41,5.25
2024-01-01 20:32:00,20,1,1,29,1.47
2024-01-01 20:32:30,42,6,0,36,0.15
2024-01-01 20:33:00,29,16,0,18,3.05
2024-01-01 20:33:30,43,10,3,-29,-0.25
2024-01-01 20:34:00,34,12,-2,32,7.88
2024-01-01 20:34:30,21,-2,2,-26,7.73
2024-01-01 20:35:00,28,13,1,14,0.62
2024-01-01 20:35:30,54,23,2,48,3.5
2024-01-01 20:36:00,39,18,2,12,2.84
2024-01-01 20:36:30,18,5,1,18,4.29
2024-01-01 20:37:00,18,4,-1,-10,4.41
2024-01-01 20:37:30,44,20,3,25,6.78
2024-01-01 20:38:00,47,18,4,67,3.83
2024-01-01 20:38:30,15,11,1,-13,1.43
2024-01-01 20:39:00,20,5,0,47,5.47
2024-01-01 20:39:30,24,7,2,-3,0.64
2024-01-01 20:40:00,32,11,0,33,4.18
2024-01-01 20:40:30,22,8,5,0,4.59
2024-01-01 20:41:00,34,10,-1,53,5.01
2024-01-01 20:41:30,26,1,-1,23,5.76
2024-01-01 20:42:00,18,6,2,20,5.94
2024-01-01 20:42:30,20,11,0,4,10.59
2024-01-01 20:43:00,51,21,4,36,4.22
2024-01-01 20:43:30,19,8,2,2,8.73
2024-01-01 20:44:00,17,-2,2,17,6.54
2024-01-01 20:44:30,33,9,1,0,4.27
2024-01-01 20:45:00,24,9,2,-49,3.56
2024-01-01 20:45:30,35,9,3,24,8.6
2024-01-01 20:46:00,33,6,-2,7,5.34
2024-01-01 20:46:30,34,9,3,7,7.78
2024-01-01 20:47:00,34,18,-2,39,3.21
2024-01-01 20:47:30,27,13,2,43,4.33
2024-01-01 20:48:00,46,6,2,56,9.5
2024-01-01 20:48:30,40,17,-1,4,3.83
2024-01-01 20:49:00,31,7,4,9,6.59
2024-01-01 20:49:30,26,5,2,44,6.06
2024-01-01 20:50:00,25,3,0,-18,2.03
2024-01-01 20:50:30,33,14,1,21,1.89
2024-01-01 20:51:00,30,8,0,22,5.09
2024-01-01 20:51:30,24,12,4,29,5.86
2024-01-01 20:52:00,31,11,4,53,0.78
2024-01-01 20:52:30,33,5,0,10,2.32
2024-01-01 20:53:00,44,11,2,29,10.38
2024-01-01 20:53:30,51,15,0,36,3.14
2024-01-01 20:54:00,14,10,-1,31,1.94
2024-01-01 20:54:30,13,4,0,-22,6.65
2024-01-01 20:55:00,46,13,2,19,3.69
2024-01-01 20:55:30,38,10,2,37,7.59
2024-01-01 20:56:00,37,8,2,9,4.02
2024-01-01 20:56:30,47,15,2,27,5.26
2024-01-01 20:57:00,39,19,-1,39,5.16
2024-01-01 20:57:30,19,1,2,10,4.27
2024-01-01 20:58:00,44,15,7,39,6.58
2024-01-01 20:58:30,39,12,0,57,8.23
2024-01-01 20:59:00,34,11,0,6,2.81
2024-01-01 20:59:30,28,4,1,9,6.27
2024-01-01 21:00:00,42,2,-1,7,7.78
2024-01-01 21:00:30,42,14,4,76,2.71
2024-01-01 21:01:00,51,23,2,54,3.8
2024-01-01 21:01:30,56,21,0,39,-0.66
2024-01-01 21:02:00,40,10,0,37,2.99
2024-01-01 21:02:30,52,14,7,51,6.95
2024-01-01 21:03:00,42,15,0,77,4.92
2024-01-01 21:03:30,52,19,1,25,10.81
2024-01-01 21:04:00,36,13,2,27,4.43
2024-01-01 21:04:30,43,11,2,16,-1.91
2024-01-01 21:05:00,34,16,1,27,5.6
2024-01-01 21:05:30,59,23,2,44,5.54
2024-01-01 21:06:00,50,21,0,64,5.8
2024-01-01 21:06:30,53,17,2,27,5.5
2024-01-01 21:07:00,45,16,3,5,3.69
2024-01-01 21:07:30,40,10,3,29,2.57
2024-01-01 21:08:00,48,15,4,36,5.78
2024-01-01 21:08:30,40,15,-1,27,5.57
2024-01-01 21:09:00,33,10,0,-17,4.32
2024-01-01 21:09:30,51,11,4,22,3.91
2024-01-01 21:10:00,56,14,3,7,8.27
2024-01-01 21:10:30,46,15,-2,32,8.72
2024-01-01 21:11:00,43,11,2,39,10.88
2024-01-01 21:11:30,38,6,2,44,11.05
2024-01-01 21:12:00,34,10,0,23,3.48
2024-01-01 21:12:30,51,9,3,24,7.29
2024-01-01 21:13:00,28,10,5,23,5.75
2024-01-01 21:13:30,32,18,0,42,12.9
2024-01-01 21:14:00,41,11,3,27,7.31
2024-01-01 21:14:30,29,7,0,2,5.21
2024-01-01 21:15:00,48,11,4,14,5.8
2024-01-01 21:15:30,38,13,0,43,10.19
2024-01-01 21:16:00,49,10,-2,65,10.62
2024-01-01 21:16:30,48,13,0,17,8.63
2024-01-01 21:17:00,45,8,0,54,7.12
2024-01-01 21:17:30,23,3,4,5,6.24
2024-01-01 21:18:00,63,18,2,61,4.34
2024-01-01 21:18:30,22,1,2,7,8.83
2024-01-01 21:19:00,49,16,1,50,6.92
2024-01-01 21:19:30,48,17,3,52,4.83
2024-01-01 21:20:00,28,12,3,8,10.06
2024-01-01 21:20:30,23,8,1,5,8.75
2024-01-01 21:21:00,39,17,3,32,11.38
2024-01-01 21:21:30,23,7,1,29,9.17
2024-01-01 21:22:00,43,17,2,51,7.94
2024-01-01 21:22:30,41,14,1,19,4.3
2024-01-01 21:23:00,39,18,6,24,6.05
2024-01-01 21:23:30,48,12,4,39,10.98
2024-01-01 21:24:00,47,12,1,22,9.32
2024-01-01 21:24:30,56,19,-2,33,5.79
2024-01-01 21:25:00,40,8,2,38,2.9
2024-01-01 21:25:30,44,15,2,29,4.43
2024-01-01 21:26:00,43,12,4,15,7.63
2024-01-01 21:26:30,36,5,1,43,11.06
2024-01-01 21:27:00,48,10,1,44,8.48
2024-01-01 21:27:30,33,8,2,-8,3.96
2024-01-01 21:28:00,25,5,1,25,10.83
2024-01-01 21:28:30,53,11,0,42,5.64
2024-01-01 21:29:00,42,20,3,21,4.15
2024-01-01 21:29:30,38,9,0,61,4.27
2024-01-01 21:30:00,30,13,0,55,2.13
2024-01-01 21:30:30,48,20,2,7,6.77
2024-01-01 21:31:00,44,10,2,25,4.02
2024-01-01 21:31:30,22,3,0,27,5.53
2024-01-01 21:32:00,45,5,1,54,0.84
2024-01-01 21:32:30,44,18,3,35,8.81
2024-01-01 21:33:00,24,17,-2,9,6.59
2024-01-01 21:33:30,35,11,2,2,7.27
2024-01-01 21:34:00,42,6,2,67,8.9
2024-01-01 21:34:30,51,15,1,76,8.3
2024-01-01 21:35:00,62,19,4,70,4.61
2024-01-01 21:35:30,40,8,3,16,9.2
2024-01-01 21:36:00,32,12,2,18,7.86
2024-01-01 21:36:30,36,8,1,10,6.65
2024-01-01 21:37:00,19,9,1,38,9.41
2024-01-01 21:37:30,45,10,4,25,8.33
2024-01-01 21:38:00,35,7,3,23,5.62
2024-01-01 21:38:30,34,22,0,29,10.85
2024-01-01 21:39:00,39,19,4,59,6.33
2024-01-01 21:39:30,47,13,1,11,7.44
2024-01-01 21:40:00,53,14,0,50,4.77
2024-01-01 21:40:30,28,5,-1,31,9.36
2024-01-01 21:41:00,44,16,-1,12,10.42
2024-01-01 21:41:30,47,17,0,2,6.51
2024-01-01 21:42:00,37,2,1,13,5.99
2024-01-01 21:42:30,52,8,6,64,8.27
2024-01-01 21:43:00,48,6,1,62,6.4
2024-01-01 21:43:30,43,21,0,59,5.11
2024-01-01 21:44:00,38,12,1,52,4.68
2024-01-01 21:44:30,60,19,0,41,9.34
2024-01-01 21:45:00,30,16,3,46,8.18
2024-01-01 21:45:30,56,16,0,22,6.46
2024-01-01 21:46:00,37,9,-2,38,6.19
2024-01-01 21:46:30,47,22,0,39,4.66
2024-01-01 21:47:00,54,18,5,35,2.26
2024-01-01 21:47:30,64,20,0,42,3.1
2024-01-01 21:48:00,47,16,1,60,6.49
2024-01-01 21:48:30,40,14,-1,41,2.1
2024-01-01 21:49:00,52,12,0,41,6.85
2024-01-01 21:49:30,49,10,0,27,7.22
2024-01-01 21:50:00,42,14,0,19,12.03
2024-01-01 21:50:30,45,14,0,4,7.69
2024-01-01 21:51:00,36,12,1,41,5.64
2024-01-01 21:51:30,35,8,4,45,8.24
2024-01-01 21:52:00,50,8,5,6,7.09
2024-01-01 21:52:30,57,17,1,54,10.36
2024-01-01 21:53:00,30,6,0,26,6.2
2024-01-01 21:53:30,41,11,0,35,9.71
2024-01-01 21:54:00,39,9,1,-17,4.56
2024-01-01 21:54:30,29,8,3,27,7.87
2024-01-01 21:55:00,59,16,1,38,6.09
2024-01-01 21:55:30,38,16,-1,85,6.91
2024-01-01 21:56:00,68,22,3,45,4.12
2024-01-01 21:56:30,48,24,1,27,7.38
2024-01-01 21:57:00,33,14,1,6,6.53
2024-01-01 21:57:30,47,14,2,32,13.59
2024-01-01 21:58:00,46,17,4,49,7.81
2024-01-01 21:58:30,38,10,1,35,6.21
2024-01-01 21:59:00,41,12,0,37,12.39
2024-01-01 21:59:30,47,12,0,19,9.29
2024-01-01 22:00:00,69,18,0,38,7.06
2024-01-01 22:00:30,46,13,2,10,5.6
2024-01-01 22:01:00,66,17,5,60,6.47
2024-01-01 22:01:30,49,6,2,66,8.46
2024-01-01 22:02:00,60,24,3,24,11.58
2024-01-01 22:02:30,59,9,5,75,7.73
2024-01-01 22:03:00,56,18,3,45,2.18
2024-01-01 22:03:30,49,16,5,28,4.23
2024-01-01 22:04:00,52,21,3,18,4.72
2024-01-01 22:04:30,56,16,5,15,5.15
2024-01-01 22:05:00,57,14,3,31,8.29
2024-01-01 22:05:30,53,22,0,39,6.51
2024-01-01 22:06:00,67,20,3,65,12.76
2024-01-01 22:06:30,66,24,0,48,8.78
2024-01-01 22:07:00,69,21,5,65,5.65
2024-01-01 22:07:30,62,19,3,68,6.48
2024-01-01 22:08:00,64,23,0,37,7.24
2024-01-01 22:08:30,72,15,5,34,6.48
2024-01-01 22:09:00,57,21,3,29,9.05
2024-01-01 22:09:30,58,16,1,25,4.57
2024-01-01 22:10:00,56,7,6,46,8.71
2024-01-01 22:10:30,63,21,0,28,5.26
2024-01-01 22:11:00,60,18,1,55,14.7
2024-01-01 22:11:30,56,19,6,59,8.31
2024-01-01 22:12:00,74,11,6,61,12.76
2024-01-01 22:12:30,64,13,6,44,6.79
2024-01-01 22:13:00,62,17,0,55,9.53
2024-01-01 22:13:30,56,9,4,29,12.24
2024-01-01 22:14:00,55,10,1,59,9.35
2024-01-01 22:14:30,54,25,2,7,7.55
2024-01-01 22:15:00,62,15,4,75,5.55
2024-01-01 22:15:30,61,11,-1,35,5.65
2024-01-01 22:16:00,67,21,7,75,10.4
2024-01-01 22:16:30,57,14,2,28,11.6
2024-01-01 22:17:00,53,9,-1,44,9.01
2024-01-01 22:17:30,60,21,4,42,13.02
2024-01-01 22:18:00,73,28,0,79,11.48
2024-01-01 22:18:30,69,16,-1,37,11.16
2024-01-01 22:19:00,58,30,5,50,8.55
2024-01-01 22:19:30,52,14,2,47,9.42
2024-01-01 22:20:00,57,21,3,53,6.39
2024-01-01 22:20:30,63,21,1,59,10.59
2024-01-01 22:21:00,66,14,3,78,10.67
2024-01-01 22:21:30,46,16,3,34,11.19
2024-01-01 22:22:00,68,30,1,50,11.29
2024-01-01 22:22:30,54,15,4,12,7.34
2024-01-01 22:23:00,56,23,1,48,9.22
2024-01-01 22:23:30,53,15,4,54,4.52
2024-01-01 22:24:00,50,7,3,66,8.45
2024-01-01 22:24:30,56,17,2,19,6.34
2024-01-01 22:25:00,45,3,4,38,7.26
2024-01-01 22:25:30,58,19,2,71,8.84
2024-01-01 22:26:00,57,17,2,69,11.43
2024-01-01 22:26:30,70,17,5,46,8.16
2024-01-01 22:27:00,57,19,5,45,9.3
2024-01-01 22:27:30,53,20,2,61,12.73
2024-01-01 22:28:00,52,6,3,64,13.17
2024-01-01 22:28:30,80,19,2,55,12.8
2024-01-01 22:29:00,53,15,3,70,11.84
2024-01-01 22:29:30,60,18,1,0,10.98
2024-01-01 22:30:00,45,14,0,27,8.97
2024-01-01 22:30:30,65,16,4,50,7.84
2024-01-01 22:31:00,61,21,4,35,11.11
2024-01-01 22:31:30,59,10,4,29,11.44
2024-01-01 22:32:00,51,15,2,18,12.78
2024-01-01 22:32:30,47,11,1,50,9.08
2024-01-01 22:33:00,62,21,2,59,12.23
2024-01-01 22:33:30,61,17,5,15,8.38
2024-01-01 22:34:00,51,4,0,-5,10.98
2024-01-01 22:34:30,55,14,1,38,8.19
2024-01-01 22:35:00,61,18,1,60,8.44
2024-01-01 22:35:30,63,15,3,39,9.07
2024-01-01 22:36:00,71,18,3,69,11.13
2024-01-01 22:36:30,36,3,2,7,10.99
2024-01-01 22:37:00,62,24,2,17,7.4
2024-01-01 22:37:30,91,31,11,59,10.23
2024-01-01 22:38:00,55,19,3,71,11.15
2024-01-01 22:38:30,86,23,4,61,17.32
2024-01-01 22:39:00,61,11,1,70,7.69
2024-01-01 22:39:30,61,17,6,47,12.86
2024-01-01 22:40:00,53,23,3,76,5.93
2024-01-01 22:40:30,59,12,1,31,13.39
2024-01-01 22:41:00,64,11,1,53,9.16
2024-01-01 22:41:30,57,23,3,63,9.21
2024-01-01 22:42:00,61,21,1,39,8.39
2024-01-01 22:42:30,46,15,1,27,6.42
2024-01-01 22:43:00,52,15,0,52,10.24
2024-01-01 22:43:30,61,19,4,49,11.81
2024-01-01 22:44:00,45,5,4,16,5.98
2024-01-01 22:44:30,63,20,4,13,10.17
2024-01-01 22:45:00,70,12,3,40,9.56
2024-01-01 22:45:30,51,12,3,28,10.31
2024-01-01 22:46:00,55,16,1,67,13.71
2024-01-01 22:46:30,70,20,4,98,4.96
2024-01-01 22:47:00,50,9,4,26,11.84
2024-01-01 22:47:30,63,22,4,20,16.47
2024-01-01 22:48:00,78,18,8,65,7.08
2024-01-01 22:48:30,69,23,4,72,15.03
2024-01-01 22:49:00,47,20,2,31,12.63
2024-01-01 22:49:30,65,22,5,105,9.02
2024-01-01 22:50:00,80,35,2,83,8.57
2024-01-01 22:50:30,55,16,3,31,9.56
2024-01-01 22:51:00,66,16,7,57,8.9
2024-01-01 22:51:30,59,17,2,74,9.9
2024-01-01 22:52:00,51,13,3,17,8.5
2024-01-01 22:52:30,63,14,4,47,11.38
2024-01-01 22:53:00,57,9,0,44,5.86
2024-01-01 22:53:30,44,11,2,65,10.6
2024-01-01 22:54:00,59,9,0,27,8.03
2024-01-01 22:54:30,58,22,2,28,12.61
2024-01-01 22:55:00,59,21,5,38,11.47
2024-01-01 22:55:30,68,18,7,25,9.65
2024-01-01 22:56:00,66,17,8,72,10.33
2024-01-01 22:56:30,50,20,1,31,11.54
2024-01-01 22:57:00,41,16,2,24,8.87
2024-01-01 22:57:30,69,18,1,60,10.47
2024-01-01 22:58:00,70,15,0,69,10.81
2024-01-01 22:58:30,65,21,4,39,13.44
2024-01-01 22:59:00,60,10,2,84,10.2
2024-01-01 22:59:30,51,17,3,43,10.98
2024-01-01 23:00:00,86,23,4,94,12.68
2024-01-01 23:00:30,106,35,4,69,7.06
2024-01-01 23:01:00,80,24,3,81,11.46
2024-01-01 23:01:30,96,38,1,30,9.66
2024-01-01 23:02:00,62,20,4,83,7.01
2024-01-01 23:02:30,67,28,1,80,8.34
2024-01-01 23:03:00,80,18,1,30,7.4
2024-01-01 23:03:30,64,11,4,67,4.3
2024-01-01 23:04:00,87,26,2,79,11.7
2024-01-01 23:04:30,80,20,7,35,11.09
2024-01-01 23:05:00,90,28,3,50,7.97
2024-01-01 23:05:30,95,29,7,74,12.0
2024-01-01 23:06:00,77,25,5,73,11.08
2024-01-01 23:06:30,70,16,3,57,6.92
2024-01-01 23:07:00,82,26,2,55,11.01
2024-01-01 23:07:30,81,17,1,42,13.8
2024-01-01 23:08:00,83,24,4,81,12.96
2024-01-01 23:08:30,76,24,6,55,7.38
2024-01-01 23:09:00,89,29,3,87,10.51
2024-01-01 23:09:30,82,21,7,74,6.53
2024-01-01 23:10:00,82,26,5,62,14.67
2024-01-01 23:10:30,78,26,1,62,17.46
2024-01-01 23:11:00,106,22,4,89,15.98
2024-01-01 23:11:30,88,29,4,100,17.47
2024-01-01 23:12:00,64,7,1,67,9.57
2024-01-01 23:12:30,85,24,4,74,10.47
2024-01-01 23:13:00,89,33,4,83,12.57
2024-01-01 23:13:30,73,26,2,46,14.73
2024-01-01 23:14:00,98,34,3,81,15.78
2024-01-01 23:14:30,74,27,2,101,15.42
2024-01-01 23:15:00,68,32,3,54,12.07
2024-01-01 23:15:30,86,26,3,90,16.72
2024-01-01 23:16:00,92,26,2,94,13.3
2024-01-01 23:16:30,82,18,4,26,15.09
2024-01-01 23:17:00,95,24,6,67,14.64
2024-01-01 23:17:30,82,15,3,59,10.09
2024-01-01 23:18:00,71,21,0,78,12.23
2024-01-01 23:18:30,86,27,4,85,12.96
2024-01-01 23:19:00,88,22,4,90,17.45
2024-01-01 23:19:30,67,24,3,56,14.4
2024-01-01 23:20:00,86,20,2,43,12.5
2024-01-01 23:20:30,81,25,5,45,14.18
2024-01-01 23:21:00,86,30,6,41,17.39
2024-01-01 23:21:30,84,26,4,74,16.57
2024-01-01 23:22:00,70,21,0,38,11.52
2024-01-01 23:22:30,73,19,3,45,10.63
2024-01-01 23:23:00,106,38,1,56,15.8
2024-01-01 23:23:30,72,30,5,54,11.33
2024-01-01 23:24:00,67,24,6,74,13.34
2024-01-01 23:24:30,79,17,3,54,10.65
2024-01-01 23:25:00,71,25,2,47,13.34
2024-01-01 23:25:30,67,18,0,42,14.47
2024-01-01 23:26:00,108,27,3,119,13.29
2024-01-01 23:26:30,94,26,4,84,15.74
2024-01-01 23:27:00,71,19,5,30,12.83
2024-01-01 23:27:30,87,27,6,77,12.99
2024-01-01 23:28:00,88,30,5,69,10.49
2024-01-01 23:28:30,60,19,3,62,15.5
2024-01-01 23:29:00,59,12,3,25,11.65
2024-01-01 23:29:30,78,18,3,80,10.36
2024-01-01 23:30:00,77,18,2,57,15.69
2024-01-01 23:30:30,80,31,7,62,15.69
2024-01-01 23:31:00,80,30,3,65,15.85
2024-01-01 23:31:30,63,21,3,48,14.46
2024-01-01 23:32:00,91,38,3,59,12.24
2024-01-01 23:32:30,72,26,0,45,11.24
2024-01-01 23:33:00,70,23,5,44,17.91
2024-01-01 23:33:30,92,27,5,75,12.65
2024-01-01 23:34:00,68,12,0,74,11.74
2024-01-01 23:34:30,61,16,3,34,10.83
2024-01-01 23:35:00,84,34,4,66,13.81
2024-01-01 23:35:30,63,17,5,53,13.05
2024-01-01 23:36:00,80,24,4,75,19.3
2024-01-01 23:36:30,73,22,6,54,14.79
2024-01-01 23:37:00,80,33,2,78,11.94
2024-01-01 23:37:30,93,23,3,46,11.96
2024-01-01 23:38:00,73,25,5,47,15.93
2024-01-01 23:38:30,64,15,2,46,7.93
2024-01-01 23:39:00,89,31,3,83,12.32
2024-01-01 23:39:30,73,13,5,14,11.18
2024-01-01 23:40:00,84,22,5,63,17.12
2024-01-01 23:40:30,78,21,6,87,16.78
2024-01-01 23:41:00,93,29,4,66,8.85
2024-01-01 23:41:30,89,27,2,59,12.71
2024-01-01 23:42:00,72,24,2,62,18.61
2024-01-01 23:42:30,82,26,5,45,10.99
2024-01-01 23:43:00,81,25,1,49,11.16
2024-01-01 23:43:30,68,19,3,102,13.41
2024-01-01 23:44:00,66,24,0,66,10.53
2024-01-01 23:44:30,64,19,1,94,9.54
2024-01-01 23:45:00,76,15,4,67,10.85
2024-01-01 23:45:30,84,24,3,98,10.75
2024-01-01 23:46:00,102,36,6,90,10.49
2024-01-01 23:46:30,64,18,0,56,11.41
2024-01-01 23:47:00,76,25,3,75,14.01
2024-01-01 23:47:30,77,19,0,80,14.57
2024-01-01 23:48:00,92,31,5,63,14.34
2024-01-01 23:48:30,61,18,2,60,9.42
2024-01-01 23:49:00,76,24,1,58,13.58
2024-01-01 23:49:30,93,17,5,89,10.18
2024-01-01 23:50:00,78,33,1,79,11.2
2024-01-01 23:50:30,75,21,1,67,9.52
2024-01-01 23:51:00,64,20,2,53,19.65
2024-01-01 23:51:30,73,15,5,68,15.07
2024-01-01 23:52:00,73,19,4,84,10.78
2024-01-01 23:52:30,79,26,5,63,9.3
2024-01-01 23:53:00,59,14,1,26,11.48
2024-01-01 23:53:30,80,24,4,14,10.37
2024-01-01 23:54:00,78,18,4,57,11.99
2024-01-01 23:54:30,84,34,2,99,13.83
2024-01-01 23:55:00,50,14,2,94,12.85
2024-01-01 23:55:30,78,24,2,38,14.66
2024-01-01 23:56:00,83,25,6,79,16.21
2024-01-01 23:56:30,84,26,4,63,10.25
2024-01-01 23:57:00,84,19,3,63,15.3
2024-01-01 23:57:30,80,33,4,57,14.52
2024-01-01 23:58:00,91,24,7,72,16.05
2024-01-01 23:58:30,84,20,5,94,9.56
2024-01-01 23:59:00,76,14,3,70,13.99
2024-01-01 23:59:30,86,29,3,63,19.05
